Fecha;Provincia;test_rapidos_total;test_rapidos_positivos;test_antigenos_total;test_antigenos_positivos;pcr_total;pcr_positivos;codigo_ine;total_pruebas;total_pruebas_positivas;test_porcentaje;pcr_porcentaje;porcentaje_total;sigla;antigenos_porcentaje
2021-03-12;Castilla y León;505148;26039;772532;59432;1465387;139990;99999;2743067;225461;5.1547269315131405;9.553107813840302;8.219303429336579;CyL;7
2021-03-11;Castilla y León;504935;26005;770323;59304;1462479;139911;99999;2737737;225220;5.150167843385782;9.566701470585219;8.226502399609604;CyL;7
2021-03-10;Castilla y León;504746;25992;768240;59172;1459858;139862;99999;2732844;225026;5.1495207490500166;9.580520845178093;8.234132647161712;CyL;7
2021-03-09;Castilla y León;504510;25979;766333;59057;1456154;139780;99999;2726997;224816;5.149352837406592;9.599259418990025;8.244086810509877;CyL;7
2021-03-08;Castilla y León;504289;25955;764109;58928;1452481;139692;99999;2720879;224575;5.146850317972432;9.617475202773736;8.253766521774764;CyL;7
2021-03-07;Castilla y León;504091;25935;761986;58824;1449547;139611;99999;2715624;224370;5.144904392262508;9.631353795358136;8.262189463637087;CyL;7
2021-03-06;Castilla y León;504063;25925;761206;58766;1447931;139573;99999;2713200;224264;5.143206305561011;9.6394786768154;8.265664160401002;CyL;7
2021-03-05;Castilla y León;504063;25937;761114;58760;1447347;139568;99999;2712524;224265;5.145586960360114;9.643022716736208;8.267760948843218;CyL;7
2021-03-04;Castilla y León;503850;25915;758025;58571;1443185;139444;99999;2705060;223930;5.1433958519400615;9.662240114746204;8.27818976288881;CyL;7
2021-03-03;Castilla y León;503613;25884;755574;58453;1440319;139362;99999;2699506;223699;5.139660810979859;9.67577321412826;8.286664300801702;CyL;7
2021-03-02;Castilla y León;503382;25873;752931;58317;1437114;139270;99999;2693427;223460;5.139834161730058;9.690950056850047;8.296493649168884;CyL;7
2021-03-01;Castilla y León;503128;25851;750222;58204;1433433;139182;99999;2686783;223237;5.138056319664181;9.709696930376237;8.308709709716043;CyL;7
2021-02-28;Castilla y León;502819;25819;747512;58023;1430715;139116;99999;2681046;222958;5.134849717293897;9.723529843469873;8.316082603580842;CyL;7
2021-02-27;Castilla y León;502818;25819;746791;57962;1428827;139050;99999;2678436;222831;5.134859929437689;9.73175898831699;8.31944463112055;CyL;7
2021-02-26;Castilla y León;502814;25783;745834;57875;1426542;138985;99999;2675190;222643;5.1277410732398065;9.742790608338204;8.322511672068151;CyL;7
2021-02-25;Castilla y León;502507;25797;743320;57690;1423257;138871;99999;2669084;222358;5.133659829614314;9.757268012734173;8.330873063567875;CyL;7
2021-02-24;Castilla y León;502059;25756;740906;57550;1420434;138773;99999;2663399;222079;5.130074353811006;9.769760509816013;8.338179897191521;CyL;7
2021-02-23;Castilla y León;501788;25732;738747;57407;1417115;138669;99999;2657650;221808;5.12806205010881;9.785303239327789;8.34601998005757;CyL;7
2021-02-22;Castilla y León;501436;25705;735752;57207;1412962;138514;99999;2650150;221426;5.126277331503921;9.803094492279339;8.355225175933437;CyL;7
2021-02-21;Castilla y León;500992;25683;732578;57007;1410170;138451;99999;2643740;221141;5.126429164537558;9.818036123304283;8.364703034337719;CyL;7
2021-02-20;Castilla y León;500988;25687;731542;56890;1408169;138381;99999;2640699;220958;5.127268517409599;9.82701650157048;8.367405751280248;CyL;7
2021-02-19;Castilla y León;500978;25683;730154;56789;1405299;138265;99999;2636431;220737;5.126572424337994;9.838831451527398;8.372568825051745;CyL;7
2021-02-18;Castilla y León;500445;25647;726896;56558;1402446;138164;99999;2629787;220369;5.124838893384887;9.851644911818351;8.379728092046998;CyL;7
2021-02-17;Castilla y León;498864;25612;723235;56321;1398982;137997;99999;2621081;219930;5.134064594759293;9.864101182145303;8.390812798230959;CyL;7
2021-02-16;Castilla y León;498371;25584;717849;56095;1394792;137785;99999;2611012;219464;5.133525024529918;9.87853386024583;8.405323299931213;CyL;7
2021-02-15;Castilla y León;497800;25548;714614;55835;1390044;137612;99999;2602458;218995;5.132181599035757;9.899830508962307;8.414929270712534;CyL;7
2021-02-14;Castilla y León;497454;25538;710701;55556;1386918;137503;99999;2595073;218597;5.133741009218943;9.914284766655275;8.423539530487197;CyL;7
2021-02-13;Castilla y León;497423;25538;709612;55451;1384217;137357;99999;2591252;218346;5.134060950137006;9.923082869232209;8.4262742488959;CyL;7
2021-02-12;Castilla y León;497185;25528;708126;55320;1380878;137105;99999;2586189;217953;5.134507275963675;9.92882789066087;8.427574318814287;CyL;7
2021-02-11;Castilla y León;496713;25507;701634;54974;1376273;136858;99999;2574620;217339;5.135158532190621;9.944102659864722;8.441595264543894;CyL;7
2021-02-10;Castilla y León;496099;25469;692993;54604;1371767;136580;99999;2560859;216653;5.133854331494319;9.95650135919584;8.460169029220273;CyL;7
2021-02-09;Castilla y León;495607;25456;687929;54274;1365443;136140;99999;2548979;215870;5.1363277758385175;9.970390561890904;8.468881069636117;CyL;7
2021-02-08;Castilla y León;494728;25415;681744;53839;1359841;135807;99999;2536313;215061;5.137166281269708;9.986976418566583;8.479276808501158;CyL;7
2021-02-07;Castilla y León;494121;25384;669693;53345;1356203;135598;99999;2520017;214327;5.13720323564471;9.998355703386586;8.504982307659036;CyL;7
2021-02-06;Castilla y León;494118;25383;656216;53058;1353273;135383;99999;2503607;213824;5.1370320449771105;10.004115947040988;8.540637568116722;CyL;8
2021-02-05;Castilla y León;494073;25375;636019;52708;1348308;135006;99999;2478400;213089;5.1358807301755;10.012994063670911;8.597845384118786;CyL;8
2021-02-04;Castilla y León;493538;25349;612382;52055;1341727;134461;99999;2447647;211865;5.136179990193257;10.021487232499608;8.65586418302966;CyL;8
2021-02-03;Castilla y León;492809;25314;592235;51394;1335146;133816;99999;2420190;210524;5.136675669478439;10.022574310225249;8.698655890653214;CyL;8
2021-02-02;Castilla y León;492147;25279;573278;50598;1327745;133057;99999;2393170;208934;5.136473452037704;10.021276675867732;8.730428678280273;CyL;8
2021-02-01;Castilla y León;491613;25251;565688;49789;1320079;132372;99999;2377380;207412;5.1363572566225875;10.02758168261142;8.724394080878952;CyL;8
2021-01-31;Castilla y León;491236;25244;554164;48849;1315842;132022;99999;2361242;206115;5.138874186745271;10.033271471802847;8.729092570774194;CyL;8
2021-01-30;Castilla y León;491225;25244;535860;48321;1311898;131613;99999;2338983;205178;5.138989261540027;10.032258605470853;8.772103089248617;CyL;9
2021-01-29;Castilla y León;491133;25227;502192;47533;1305584;130816;99999;2298909;203576;5.136490522933706;10.019730633953849;8.855330941764116;CyL;9
2021-01-28;Castilla y León;490744;25214;479550;46273;1298123;129835;99999;2268417;201322;5.137913046313352;10.001748678669124;8.874999614268454;CyL;9
2021-01-27;Castilla y León;490257;25186;459244;45026;1290279;128904;99999;2239780;199116;5.137305535668027;9.990397425673052;8.889980265918975;CyL;9
2021-01-26;Castilla y León;489815;25164;432788;43566;1281801;127788;99999;2204404;196518;5.137449853516123;9.969410228264762;8.914790573778673;CyL;10
2021-01-25;Castilla y León;494340;25221;414052;41956;1272742;126760;99999;2181134;193937;5.1019541206457095;9.959599038925408;8.891567414014911;CyL;10
2021-01-24;Castilla y León;495003;25239;394431;40536;1267142;126014;99999;2156576;191789;5.098756977230441;9.944741789002338;8.893217767423916;CyL;10
2021-01-23;Castilla y León;493506;25177;379483;39716;1262200;125304;99999;2135189;190197;5.10166036481826;9.92742829979401;8.907736036482017;CyL;10
2021-01-22;Castilla y León;493453;25172;352173;38678;1255270;124271;99999;2100896;188121;5.101195047957961;9.899941845180718;8.954322346275113;CyL;10
2021-01-21;Castilla y León;490087;25098;334550;36883;1247767;123195;99999;2072404;185176;5.12113155419344;9.873237551562111;8.935323421495037;CyL;11
2021-01-20;Castilla y León;488321;25067;317112;35228;1239312;122025;99999;2044745;182320;5.133303708011738;9.846188853170146;8.91651526229432;CyL;11
2021-01-19;Castilla y León;487952;25035;301154;33588;1231215;120826;99999;2020321;179449;5.1306276027150215;9.813558151906857;8.882202382690672;CyL;11
2021-01-18;Castilla y León;487483;25009;290641;31867;1222391;119694;99999;2000515;176570;5.130230182385848;9.791793296907453;8.82622724648403;CyL;10
2021-01-17;Castilla y León;487215;24997;281505;30223;1218207;119145;99999;1986927;174365;5.130589164947713;9.780357525445183;8.775611786442077;CyL;10
2021-01-16;Castilla y León;487201;24996;272664;29326;1213606;118363;99999;1973471;172685;5.1305313412739295;9.753000561961626;8.75031860108408;CyL;10
2021-01-15;Castilla y León;487312;24993;258193;28393;1206747;117414;99999;1952252;170800;5.128747086055751;9.729794231930969;8.748870535156323;CyL;10
2021-01-14;Castilla y León;486894;24979;247574;26766;1200074;116403;99999;1934542;168148;5.130274762063201;9.699651854802287;8.691876423463537;CyL;10
2021-01-13;Castilla y León;486666;24966;237183;25284;1193706;115451;99999;1917555;165701;5.1300070274068865;9.671644441763718;8.64126452696272;CyL;10
2021-01-12;Castilla y León;486415;24939;231738;24008;1187779;114652;99999;1905932;163599;5.127103399360628;9.652637401402114;8.583674548724717;CyL;10
2021-01-11;Castilla y León;486155;24927;226311;22674;1181078;113873;99999;1893544;161474;5.127377071098723;9.641446204230371;8.527607491560799;CyL;10
2021-01-10;Castilla y León;486000;24921;217102;21510;1177737;113453;99999;1880839;159884;5.127777777777777;9.633135411386414;8.500674433058863;CyL;9
2021-01-09;Castilla y León;485990;24921;215099;20975;1174860;113064;99999;1875949;158960;5.127883289779625;9.623614728563403;8.473577906435622;CyL;9
2021-01-08;Castilla y León;485984;24921;212585;20540;1170954;112596;99999;1869523;158057;5.12794659906499;9.615749209618823;8.454402540113174;CyL;9
2021-01-07;Castilla y León;485635;24897;208315;19654;1165975;112144;99999;1859925;156695;5.12668979789348;9.618044983811831;8.4248020753525;CyL;9
2021-01-06;Castilla y León;485357;24890;204802;18951;1163271;111903;99999;1853430;155744;5.128183996522147;9.61968449312327;8.403014950659049;CyL;9
2021-01-05;Castilla y León;485223;24888;200854;18586;1159129;111523;99999;1845206;154997;5.129188022826618;9.62127597532285;8.39998352487473;CyL;9
2021-01-04;Castilla y León;484804;24873;197221;17915;1154235;111110;99999;1836260;153898;5.130526975850034;9.626289273848046;8.381057148769782;CyL;9
2021-01-03;Castilla y León;484530;24865;193750;17397;1151728;110921;99999;1830008;153183;5.131777186139145;9.630832974452302;8.37061914483434;CyL;8
2021-01-02;Castilla y León;484499;24863;191286;17143;1149594;110716;99999;1825379;152722;5.131692738271906;9.630878379671431;8.366591266799936;CyL;8
2021-01-01;Castilla y León;484457;24862;189641;16897;1147858;110598;99999;1821956;152357;5.13193121370937;9.635163931427059;8.362276586262237;CyL;8
2020-12-31;Castilla y León;484449;24861;188035;16691;1146626;110477;99999;1819110;152029;5.13180954032313;9.634963798134702;8.357328583757992;CyL;8
2020-12-30;Castilla y León;484411;24857;186192;16467;1144246;110294;99999;1814849;151618;5.13138636405862;9.639011191649347;8.354303856684496;CyL;8
2020-12-29;Castilla y León;484034;24836;183394;16168;1140902;110067;99999;1808330;151071;5.131044513401951;9.64736673263786;8.354172081423192;CyL;8
2020-12-28;Castilla y León;483618;24806;180858;15925;1137086;109852;99999;1801562;150583;5.1292549077991305;9.660834800533996;8.358468928629712;CyL;8
2020-12-27;Castilla y León;482983;24771;178623;15714;1134631;109766;99999;1796237;150251;5.128751943650191;9.674158382769377;8.36476478326635;CyL;8
2020-12-26;Castilla y León;482926;24769;177726;15621;1132853;109697;99999;1793505;150087;5.128943150710461;9.683251048459066;8.36836250804988;CyL;8
2020-12-25;Castilla y León;482813;24762;176320;15521;1131214;109641;99999;1790347;149924;5.128693717857638;9.692330540463608;8.374019114730274;CyL;8
2020-12-24;Castilla y León;482782;24759;175627;15471;1130061;109584;99999;1788470;149814;5.128401638834919;9.69717563919116;8.37665714269739;CyL;8
2020-12-23;Castilla y León;482675;24752;174357;15376;1127029;109471;99999;1784061;149599;5.1280882581447145;9.713237192654315;8.385307453052333;CyL;8
2020-12-22;Castilla y León;482280;24721;172176;15217;1123594;109320;99999;1778050;149258;5.125860495977441;9.72949303752067;8.394477095694722;CyL;8
2020-12-21;Castilla y León;481819;24694;170109;15113;1120255;109175;99999;1772183;148982;5.125161108216987;9.745549004467732;8.40669389109364;CyL;8
2020-12-20;Castilla y León;481298;24670;167925;15015;1117656;109086;99999;1766879;148771;5.125722525337732;9.760248233803603;8.419988012761486;CyL;8
2020-12-19;Castilla y León;481270;24670;167283;14982;1116071;108997;99999;1764624;148649;5.126020736800548;9.76613495019582;8.423834199240178;CyL;8
2020-12-18;Castilla y León;481229;24667;166239;14897;1113781;108901;99999;1761249;148465;5.125834062369475;9.777595415974954;8.429529271556719;CyL;8
2020-12-17;Castilla y León;480541;24610;163915;14738;1109842;108757;99999;1754298;148105;5.121311188847569;9.799322786486725;8.44240830235228;CyL;8
2020-12-16;Castilla y León;479995;24596;161907;14615;1106589;108604;99999;1748491;147815;5.124220043958791;9.814303232726875;8.453861072204546;CyL;9
2020-12-15;Castilla y León;478231;24436;156541;14180;1095335;107889;99999;1730107;146505;5.109664576323994;9.849863283835539;8.467973368121163;CyL;9
2020-12-14;Castilla y León;477840;24402;154736;14023;1091981;107701;99999;1724557;146126;5.106730286288298;9.862900544972852;8.47324849222148;CyL;9
2020-12-13;Castilla y León;477243;24384;152832;13867;1089490;107577;99999;1719565;145828;5.109346810744212;9.874069518765662;8.480516874907316;CyL;9
2020-12-12;Castilla y León;477237;24384;152133;13789;1087945;107502;99999;1717315;145675;5.109411047341258;9.881198038503785;8.48271866256336;CyL;9
2020-12-11;Castilla y León;477069;24379;151216;13686;1085280;107366;99999;1713565;145431;5.110162261643493;9.892930856553148;8.48704309436759;CyL;9
2020-12-10;Castilla y León;476339;24339;148577;13464;1082448;107185;99999;1707364;144988;5.109596316908757;9.90209229450283;8.491920879203263;CyL;9
2020-12-09;Castilla y León;475543;24311;145878;13251;1078353;106921;99999;1699774;144483;5.112261141474062;9.91521329286421;8.50013001728465;CyL;9
2020-12-08;Castilla y León;474956;24287;143709;13071;1075713;106792;99999;1694378;144150;5.113526305594624;9.927555026294188;8.50754672215999;CyL;9
2020-12-07;Castilla y León;474805;24284;142706;12983;1073582;106730;99999;1691093;143997;5.114520697970746;9.94148560612976;8.515025489431983;CyL;9
2020-12-06;Castilla y León;474802;24284;141529;12865;1072246;106649;99999;1688577;143798;5.1145530136772805;9.946318288900121;8.515927908528898;CyL;9
2020-12-05;Castilla y León;474618;24279;140538;12776;1071046;106556;99999;1686202;143611;5.115482345802309;9.948779044037325;8.516832502867391;CyL;9
2020-12-04;Castilla y León;474480;24278;139620;12671;1068686;106373;99999;1682786;143322;5.116759399763953;9.953625293116968;8.516947490649434;CyL;9
2020-12-03;Castilla y León;473489;24227;134789;12490;1065811;106183;99999;1674089;142900;5.116697536795997;9.962648161822312;8.535985840657217;CyL;9
2020-12-02;Castilla y León;472841;24199;124140;12165;1061808;105951;99999;1658789;142315;5.117788009077047;9.97835766918313;8.579451636103204;CyL;9
2020-12-01;Castilla y León;471805;24143;121565;11996;1057407;105648;99999;1650777;141787;5.117156452347897;9.991233271578494;8.58910682666405;CyL;9
2020-11-30;Castilla y León;470464;24056;119092;11816;1052412;105388;99999;1641968;141260;5.1132498979730645;10.013948909742572;8.603090925036298;CyL;9
2020-11-29;Castilla y León;469369;24008;112862;11519;1049701;105291;99999;1631932;140818;5.114952201785802;10.030570610107068;8.628913459629445;CyL;10
2020-11-28;Castilla y León;469014;23984;111897;11413;1047391;105160;99999;1628302;140557;5.113706627094287;10.040185565848857;8.632121068450447;CyL;10
2020-11-27;Castilla y León;468703;23975;94326;11273;1043156;104833;99999;1606185;140081;5.115179548669413;10.04959948464084;8.721349035136052;CyL;11
2020-11-26;Castilla y León;467106;23929;79804;11029;1038947;104530;99999;1585857;139488;5.122820087945777;10.061148451268448;8.79574892313746;CyL;13
2020-11-25;Castilla y León;464431;23843;76757;10811;1033857;104152;99999;1575045;138806;5.133808897338894;10.074120502158422;8.812827570005936;CyL;14
2020-11-24;Castilla y León;461662;23805;73773;10557;1028646;103777;99999;1564081;138139;5.156369811680407;10.088699124869002;8.831959470129744;CyL;14
2020-11-23;Castilla y León;459228;23755;61777;10228;1022445;103317;99999;1543450;137300;5.172811762348985;10.104895617857196;8.895655835951926;CyL;16
2020-11-22;Castilla y León;457530;23686;59068;9960;1019169;103151;99999;1535767;136797;5.176928288855375;10.121088847875082;8.907405876021558;CyL;16
2020-11-21;Castilla y León;457439;23682;58490;9856;1015926;102866;99999;1531855;136404;5.1770837204523446;10.125343775038735;8.904498141142602;CyL;16
2020-11-20;Castilla y León;457086;23668;57614;9754;1009830;102266;99999;1524530;135688;5.178019016115129;10.127051087806858;8.900316818954037;CyL;16
2020-11-19;Castilla y León;455050;23581;55019;9530;1003330;101589;99999;1513399;134700;5.182067904625865;10.125183140143323;8.900494846369002;CyL;17
2020-11-18;Castilla y León;452169;23508;52601;9287;995427;100727;99999;1500197;133522;5.198941103879302;10.118974068414861;8.900297760894068;CyL;17
2020-11-17;Castilla y León;449710;23446;48336;8962;987858;99730;99999;1485904;132138;5.21358208623335;10.095580538903365;8.892768308046819;CyL;18
2020-11-16;Castilla y León;447298;23386;46190;8604;978335;98693;99999;1471823;130683;5.2282818165965415;10.087853342668922;8.878988845805507;CyL;18
2020-11-15;Castilla y León;445652;23354;44287;8311;973588;98269;99999;1463527;129934;5.240411801136313;10.093489237747384;8.878141640024406;CyL;18
2020-11-14;Castilla y León;445634;23352;43968;8226;972083;98103;99999;1461685;129681;5.240174672489083;10.092039465765783;8.872020989474477;CyL;18
2020-11-13;Castilla y León;445615;23352;42976;8031;961053;96653;99999;1449644;128036;5.2403981015001735;10.056989572895564;8.832237432086774;CyL;18
2020-11-12;Castilla y León;445016;23309;41124;7716;952138;95384;99999;1438278;126409;5.237789203084833;10.01787556005537;8.788912852730835;CyL;18
2020-11-11;Castilla y León;444419;23281;39195;7318;941576;93837;99999;1425190;124436;5.238524905550842;9.965950703926184;8.731186718963787;CyL;18
2020-11-10;Castilla y León;443874;23243;37625;7004;932377;92684;99999;1413876;122931;5.236395914155819;9.940614150713714;8.694609711176934;CyL;18
2020-11-09;Castilla y León;443365;23227;27734;6577;922234;91408;99999;1393333;121212;5.238798732421368;9.911584261694971;8.699427918523424;CyL;23
2020-11-08;Castilla y León;442860;23185;26343;6285;916351;90711;99999;1385554;120181;5.235288804588357;9.899154363338939;8.67385897626509;CyL;23
2020-11-07;Castilla y León;442751;23176;25727;6109;910279;89781;99999;1378757;119066;5.234544924799718;9.86302001913699;8.635749446784313;CyL;23
2020-11-06;Castilla y León;442751;23176;25151;5945;900941;88336;99999;1368843;117457;5.234544924799718;9.804859585699841;8.580750312490183;CyL;23
2020-11-05;Castilla y León;442202;23149;23415;5550;891709;86712;99999;1357326;115411;5.234937879068842;9.724248605767128;8.502820987736182;CyL;23
2020-11-04;Castilla y León;441646;23123;22025;5225;881411;85006;99999;1345082;113354;5.235641214909679;9.644308954619355;8.427292908536431;CyL;23
2020-11-03;Castilla y León;441192;23100;20588;4836;871438;83652;99999;1333218;111588;5.235815699287385;9.59930597472224;8.369823989775115;CyL;23
2020-11-02;Castilla y León;440616;23071;19274;4541;865077;82875;99999;1324967;110487;5.236078580895836;9.580072062949311;8.338849193979927;CyL;23
2020-11-01;Castilla y León;440613;23071;18801;4391;860687;82079;99999;1320101;109541;5.236114231763475;9.536451694983192;8.29792568901925;CyL;23
2020-10-31;Castilla y León;440612;23071;18324;4202;855745;81340;99999;1314681;108613;5.236126115493904;9.505168011498752;8.261547858377812;CyL;22
2020-10-30;Castilla y León;440579;23071;17827;4043;845895;79595;99999;1304301;106709;5.236518308861748;9.40956028821544;8.181317042615163;CyL;22
2020-10-29;Castilla y León;439945;23046;16209;3690;836753;78131;99999;1292907;104867;5.238382070486083;9.337403032914134;8.110946881716938;CyL;22
2020-10-28;Castilla y León;439158;23008;15072;3422;825730;76153;99999;1279960;102583;5.239116673270212;9.222506146076805;8.014547329604051;CyL;22
2020-10-27;Castilla y León;438533;22983;13946;3143;816257;74495;99999;1268736;100621;5.240882670175335;9.1264148423842;7.9308067241727205;CyL;22
2020-10-26;Castilla y León;438061;22965;12703;2811;806534;73026;99999;1257298;98802;5.242420576129808;9.054299012812852;7.858280216782338;CyL;22
2020-10-25;Castilla y León;437589;22936;11777;2544;802068;72413;99999;1251434;97893;5.241448025430255;9.028286878419287;7.82246606692802;CyL;21
2020-10-24;Castilla y León;437544;22934;11522;2456;797223;71495;99999;1246289;96885;5.241529994697676;8.968005188008876;7.77387909224907;CyL;21
2020-10-23;Castilla y León;437509;22931;11156;2339;789226;70159;99999;1237891;95429;5.2412636082914865;8.889595629135382;7.708998611347849;CyL;20
2020-10-22;Castilla y León;437054;22915;9756;1964;779830;68520;99999;1226640;93399;5.243059210074728;8.78653039765077;7.6142144394443365;CyL;20
2020-10-21;Castilla y León;436549;22882;8626;1682;771248;66997;99999;1216423;91561;5.24156509349466;8.68682965790511;7.527069119870308;CyL;19
2020-10-20;Castilla y León;436024;22860;7628;1470;763860;65619;99999;1207512;89949;5.242830669871383;8.590448511507343;7.449118518076839;CyL;19
2020-10-19;Castilla y León;435557;22839;6777;1273;755086;64371;99999;1197420;88483;5.243630569592499;8.524989206527469;7.3894706953282885;CyL;18
2020-10-18;Castilla y León;435076;22819;6213;1140;750462;63765;99999;1191751;87724;5.244830788184133;8.496765992148836;7.360933617844667;CyL;18
2020-10-17;Castilla y León;434936;22818;6027;1083;746017;63024;99999;1186980;86925;5.246289109202273;8.448064856430886;7.323206793711773;CyL;17
2020-10-16;Castilla y León;434901;22817;5832;1023;739012;61928;99999;1179745;85768;5.246481383119376;8.379836863271503;7.270045645457281;CyL;17
2020-10-15;Castilla y León;434475;22789;5023;840;731534;60793;99999;1171032;84422;5.245180965533114;8.31034511041182;7.209196674386353;CyL;16
2020-10-14;Castilla y León;433719;22760;4449;734;723333;59598;99999;1161501;83092;5.24763729511504;8.239358635649142;7.1538466174372655;CyL;16
2020-10-13;Castilla y León;433312;22737;3842;617;716044;58742;99999;1153198;82096;5.247258326563769;8.203685807017445;7.118985638199164;CyL;16
2020-10-12;Castilla y León;432899;22716;3385;556;711145;58198;99999;1147429;81470;5.2474133689382505;8.183703745368383;7.100221451610514;CyL;16
2020-10-11;Castilla y León;432874;22714;3256;520;707883;57675;99999;1144013;80909;5.247254397353503;8.1475328550057;7.072384666957456;CyL;15
2020-10-10;Castilla y León;432784;22707;3127;483;704501;57190;99999;1140412;80380;5.246728160005915;8.117802529733812;7.048329901824954;CyL;15
2020-10-09;Castilla y León;432637;22702;2999;456;698283;56114;99999;1133919;79272;5.247355173043452;8.035996866599932;6.990975545872324;CyL;15
2020-10-08;Castilla y León;432006;22672;2514;362;691911;55240;99999;1126431;78274;5.248075258214007;7.98368576305334;6.948849951750262;CyL;14
2020-10-07;Castilla y León;431266;22638;2067;276;684768;54338;99999;1118101;77252;5.249196551548232;7.935242301042105;6.909214820485805;CyL;13
2020-10-06;Castilla y León;430653;22620;1675;204;677613;53440;99999;1109941;76264;5.252488662565917;7.886507490263616;6.870995845725133;CyL;12
2020-10-05;Castilla y León;429522;22580;1276;130;668511;52677;99999;1099309;75387;5.257006625970265;7.879750669772076;6.8576715009155755;CyL;10
2020-10-04;Castilla y León;429057;22548;964;97;664458;52276;99999;1094479;74921;5.255245806501234;7.867464911250975;6.845357471454455;CyL;10
2020-10-03;Castilla y León;429045;22548;915;88;660743;51833;99999;1090703;74469;5.255392790965983;7.844653670186441;6.82761485023879;CyL;9
2020-10-02;Castilla y León;429042;22548;862;77;654323;51129;99999;1084227;73754;5.255429538366873;7.814030685150912;6.80245004044356;CyL;8
2020-10-01;Castilla y León;428057;22517;628;58;644985;50105;99999;1073670;72680;5.260280757001988;7.768397714675535;6.769305280020863;CyL;9
2020-09-30;Castilla y León;427330;22493;430;37;637703;49340;99999;1065463;71870;5.263613600730115;7.737144093723882;6.7454242897219325;CyL;8
2020-09-29;Castilla y León;426597;22473;297;19;631244;48618;99999;1058138;71110;5.267969535650742;7.7019345926456335;6.720295462406605;CyL;6
2020-09-28;Castilla y León;425707;22433;;;622131;47926;99999;;;5.269586828499414;7.7035222485296515;;CyL;
2020-09-27;Castilla y León;425243;22419;;;618485;47671;99999;;;5.272044454582439;7.707705118151613;;CyL;
2020-09-26;Castilla y León;425126;22418;;;615048;47317;99999;;;5.273260162869361;7.693220691718369;;CyL;
2020-09-25;Castilla y León;425067;22410;;;607346;46516;99999;;;5.272110043828385;7.658896246949844;;CyL;
2020-09-24;Castilla y León;424289;22390;;;599061;45509;99999;;;5.277063510955976;7.596722203581939;;CyL;
2020-09-23;Castilla y León;423569;22372;;;591230;44510;99999;;;5.2817840776827385;7.528373052788255;;CyL;
2020-09-22;Castilla y León;422529;22350;;;583296;43653;99999;;;5.289577756793025;7.483850394996708;;CyL;
2020-09-21;Castilla y León;421897;22329;;;576101;42920;99999;;;5.292524004674127;7.4500825376105935;;CyL;
2020-09-20;Castilla y León;421399;22301;;;572036;42588;99999;;;5.292134058220356;7.444985979903363;;CyL;
2020-09-19;Castilla y León;421229;22288;;;567553;42007;99999;;;5.291183655446325;7.401423303198115;;CyL;
2020-09-18;Castilla y León;421121;22279;;;560327;41270;99999;;;5.29040347073644;7.365342023496995;;CyL;
2020-09-17;Castilla y León;420241;22253;;;551862;40322;99999;;;5.2952948427212005;7.306536779122316;;CyL;
2020-09-16;Castilla y León;419568;22235;;;544257;39478;99999;;;5.299498531823208;7.253558521066335;;CyL;
2020-09-15;Castilla y León;418618;22211;;;536383;38626;99999;;;5.305791915302256;7.201197651677998;;CyL;
2020-09-14;Castilla y León;417172;22160;;;528009;37856;99999;;;5.311957657752678;7.169574761036271;;CyL;
2020-09-13;Castilla y León;416222;22136;;;524033;37439;99999;;;5.318315706522;7.144397394820555;;CyL;
2020-09-12;Castilla y León;416132;22136;;;519703;36969;99999;;;5.31946593869253;7.113485971795429;;CyL;
2020-09-11;Castilla y León;415753;22128;;;512102;36155;99999;;;5.322390938850711;7.060116929830386;;CyL;
2020-09-10;Castilla y León;414042;22075;;;503705;35291;99999;;;5.3315847184585134;7.006283439711735;;CyL;
2020-09-09;Castilla y León;412350;22018;;;495396;34370;99999;;;5.339638656481145;6.937884036205379;;CyL;
2020-09-08;Castilla y León;410641;21960;;;489575;33923;99999;;;5.347736830954532;6.929071133125671;;CyL;
2020-09-07;Castilla y León;409434;21916;;;481907;33194;99999;;;5.352755267027164;6.888051013992326;;CyL;
2020-09-06;Castilla y León;408676;21894;;;477563;32810;99999;;;5.357300159539586;6.870297740821629;;CyL;
2020-09-05;Castilla y León;408310;21888;;;472434;32203;99999;;;5.36063285248953;6.816401867774123;;CyL;
2020-09-04;Castilla y León;408043;21886;;;464608;31586;99999;;;5.363650399590239;6.798419312624835;;CyL;
2020-09-03;Castilla y León;406135;21838;;;456446;30961;99999;;;5.377029805360286;6.783058675067806;;CyL;
2020-09-02;Castilla y León;404200;21783;;;448320;30378;99999;;;5.389163780306778;6.775963597430406;;CyL;
2020-09-01;Castilla y León;402181;21687;;;441628;30034;99999;;;5.392348221323235;6.800746329489978;;CyL;
2020-08-31;Castilla y León;400357;21624;;;434152;29668;99999;;;5.401179447343246;6.833551382925796;;CyL;
2020-08-30;Castilla y León;398700;21552;;;429035;29337;99999;;;5.405568096313018;6.837903667532952;;CyL;
2020-08-29;Castilla y León;398479;21544;;;424684;28970;99999;;;5.406558438462253;6.82154260579631;;CyL;
2020-08-28;Castilla y León;397523;21524;;;417499;28386;99999;;;5.414529473766297;6.799058201337009;;CyL;
2020-08-27;Castilla y León;395023;21424;;;410825;27835;99999;;;5.423481670687529;6.775390981561492;;CyL;
2020-08-26;Castilla y León;391855;21315;;;403933;27282;99999;;;5.439512064411581;6.754090406082197;;CyL;
2020-08-25;Castilla y León;388188;21202;;;397174;26594;99999;;;5.461786557029068;6.695805868460675;;CyL;
2020-08-24;Castilla y León;385224;21127;;;390348;26290;99999;;;5.484341577887151;6.735015934499472;;CyL;
2020-08-23;Castilla y León;382523;21053;;;385156;25948;99999;;;5.50372134486031;6.7370104581000945;;CyL;
2020-08-22;Castilla y León;382319;21052;;;380821;25730;99999;;;5.506396490888498;6.756455132463808;;CyL;
2020-08-21;Castilla y León;381720;21037;;;375704;25368;99999;;;5.5111076181494285;6.752124012520495;;CyL;
2020-08-20;Castilla y León;378861;20944;;;369245;24960;99999;;;5.528148846146739;6.759739468374656;;CyL;
2020-08-19;Castilla y León;375739;20823;;;364017;24496;99999;;;5.541878804169916;6.729356046558266;;CyL;
2020-08-18;Castilla y León;373943;20725;;;357982;24098;99999;;;5.542288530604932;6.731623377711729;;CyL;
2020-08-17;Castilla y León;371903;20632;;;352429;23788;99999;;;5.547683132429693;6.7497283140717705;;CyL;
2020-08-16;Castilla y León;370704;20811;;;348598;23548;99999;;;5.6139129871811475;6.755058835678919;;CyL;
2020-08-15;Castilla y León;370503;20807;;;345404;23297;99999;;;5.615878953746663;6.74485529988072;;CyL;
2020-08-14;Castilla y León;370027;20797;;;340781;23065;99999;;;5.620400673464369;6.768276400386172;;CyL;
2020-08-13;Castilla y León;367785;20702;;;334336;22717;99999;;;5.628832062210258;6.7946616577335375;;CyL;
2020-08-12;Castilla y León;365404;20631;;;329052;22383;99999;;;5.646079407997723;6.802268334488167;;CyL;
2020-08-11;Castilla y León;363639;20576;;;323780;22142;99999;;;5.658358976897417;6.838594107109766;;CyL;
2020-08-10;Castilla y León;362533;20541;;;318869;21901;99999;;;5.665966960249136;6.868337781345944;;CyL;
2020-08-09;Castilla y León;361578;20516;;;315718;21723;99999;;;5.674017777630276;6.880507288149551;;CyL;
2020-08-08;Castilla y León;361449;20513;;;312894;21495;99999;;;5.675212823939201;6.869738633530845;;CyL;
2020-08-07;Castilla y León;361323;20498;;;309239;21308;99999;;;5.673040465179355;6.890463363288589;;CyL;
2020-08-06;Castilla y León;360643;20458;;;305267;21076;99999;;;5.672645802081282;6.904119999868967;;CyL;
2020-08-05;Castilla y León;359878;20413;;;301384;20894;99999;;;5.672200023341244;6.932683885010485;;CyL;
2020-08-04;Castilla y León;359289;20360;;;297177;20656;99999;;;5.666747381634283;6.950739794802424;;CyL;
2020-08-03;Castilla y León;358655;20318;;;293479;20505;99999;;;5.665054160683666;6.986871292324152;;CyL;
2020-08-02;Castilla y León;358146;20296;;;291147;20443;99999;;;5.6669626353498295;7.0215389476793515;;CyL;
2020-08-01;Castilla y León;358046;20293;;;289477;20392;99999;;;5.667707501270787;7.04442840018378;;CyL;
2020-07-31;Castilla y León;357922;20283;;;286986;20263;99999;;;5.666877140829566;7.060623166286857;;CyL;
2020-07-30;Castilla y León;357537;20272;;;284044;20154;99999;;;5.669902695385373;7.095379589077748;;CyL;
2020-07-29;Castilla y León;357068;20233;;;280966;20053;99999;;;5.666427683242407;7.1371625036481285;;CyL;
2020-07-28;Castilla y León;356556;20204;;;278528;20011;99999;;;5.666431079549916;7.1845559512867645;;CyL;
2020-07-27;Castilla y León;356058;20169;;;275754;19970;99999;;;5.664526565896567;7.241962038628633;;CyL;
2020-07-26;Castilla y León;355658;20157;;;273731;19943;99999;;;5.667523294850671;7.285619823841655;;CyL;
2020-07-25;Castilla y León;355533;20154;;;272502;19924;99999;;;5.668672106386749;7.311505970598381;;CyL;
2020-07-24;Castilla y León;355366;20147;;;270560;19911;99999;;;5.669366230871834;7.3591809580130105;;CyL;
2020-07-23;Castilla y León;354865;20118;;;268533;19872;99999;;;5.669198145773745;7.400207795689916;;CyL;
2020-07-22;Castilla y León;354343;20086;;;266063;19845;99999;;;5.668518920932543;7.458759767423505;;CyL;
2020-07-21;Castilla y León;353830;20056;;;263311;19820;99999;;;5.668258768335076;7.527220663018255;;CyL;
2020-07-20;Castilla y León;353166;20027;;;260420;19797;99999;;;5.670704427946065;7.601950695031104;;CyL;
2020-07-19;Castilla y León;352587;20005;;;258814;19769;99999;;;5.673776968521245;7.638303955736552;;CyL;
2020-07-18;Castilla y León;352490;20001;;;257745;19760;99999;;;5.674203523504213;7.66649207550098;;CyL;
2020-07-17;Castilla y León;352309;19994;;;256078;19740;99999;;;5.675131773528352;7.708588789353243;;CyL;
2020-07-16;Castilla y León;351579;19957;;;254071;19713;99999;;;5.676391365809676;7.758854808301617;;CyL;
2020-07-15;Castilla y León;351000;19925;;;252252;19695;99999;;;5.676638176638177;7.807668521954236;;CyL;
2020-07-14;Castilla y León;350443;19892;;;249691;19679;99999;;;5.676244068222221;7.881341337893637;;CyL;
2020-07-13;Castilla y León;349914;19864;;;246942;19667;99999;;;5.676823448047235;7.964218318471544;;CyL;
2020-07-12;Castilla y León;349409;19818;;;245085;19639;99999;;;5.671863060195931;8.013138298957506;;CyL;
2020-07-11;Castilla y León;349069;19815;;;244047;19636;99999;;;5.6765281362710525;8.045991141050699;;CyL;
2020-07-10;Castilla y León;348849;19803;;;242290;19623;99999;;;5.676668128617253;8.0989723059144;;CyL;
2020-07-09;Castilla y León;348195;19755;;;239281;19608;99999;;;5.673544996338259;8.194549504557404;;CyL;
2020-07-08;Castilla y León;347552;19720;;;237117;19598;99999;;;5.673971089218304;8.265118064078072;;CyL;
2020-07-07;Castilla y León;346876;19681;;;235129;19585;99999;;;5.673785444942862;8.329470205716861;;CyL;
2020-07-06;Castilla y León;346213;19635;;;233103;19577;99999;;;5.6713641602135105;8.398433310596603;;CyL;
2020-07-05;Castilla y León;345477;19594;;;231275;19572;99999;;;5.671578715804525;8.462652686196087;;CyL;
2020-07-04;Castilla y León;345314;19589;;;230438;19572;99999;;;5.672807937123893;8.493390846995721;;CyL;
2020-07-03;Castilla y León;345120;19583;;;229201;19563;99999;;;5.67425822902179;8.535303074593916;;CyL;
2020-07-02;Castilla y León;344417;19521;;;227433;19556;99999;;;5.6678386955347735;8.598576284004519;;CyL;
2020-07-01;Castilla y León;343466;19471;;;225189;19544;99999;;;5.668974512761089;8.67893191940992;;CyL;
2020-06-30;Castilla y León;342389;19406;;;222750;19531;99999;;;5.667822272327673;8.768125701459034;;CyL;
2020-06-29;Castilla y León;341167;19333;;;220180;19510;99999;;;5.666726266022212;8.860931964756109;;CyL;
2020-06-28;Castilla y León;340137;19249;;;218291;19499;99999;;;5.659190267451057;8.932571658932343;;CyL;
2020-06-27;Castilla y León;340196;19248;;;217347;19491;99999;;;5.657914849086997;8.967687614735883;;CyL;
2020-06-26;Castilla y León;340078;19238;;;215421;19478;99999;;;5.6569375260969545;9.041829719479532;;CyL;
2020-06-25;Castilla y León;336827;19174;;;213252;19454;99999;;;5.692536524684779;9.122540468553636;;CyL;
2020-06-24;Castilla y León;335752;19100;;;210902;19440;99999;;;5.688722628606828;9.2175512797413;;CyL;
2020-06-23;Castilla y León;334557;19001;;;208728;19427;99999;;;5.679450736346871;9.307328197462725;;CyL;
2020-06-22;Castilla y León;332300;18896;;;206088;19386;99999;;;5.6864279265723745;9.406661232095027;;CyL;
2020-06-21;Castilla y León;330826;18790;;;204460;19369;99999;;;5.67972287546928;9.473246600802113;;CyL;
2020-06-20;Castilla y León;330707;18788;;;203565;19365;99999;;;5.681161874408464;9.512931987325915;;CyL;
2020-06-19;Castilla y León;330295;18777;;;201535;19343;99999;;;5.684918027823612;9.59783660406381;;CyL;
2020-06-18;Castilla y León;326594;18649;;;199426;19330;99999;;;5.710147767564622;9.692818388775787;;CyL;
2020-06-17;Castilla y León;322299;18498;;;197025;19312;99999;;;5.7393910623365265;9.801801801801801;;CyL;
2020-06-16;Castilla y León;317355;18370;;;194297;19284;99999;;;5.788470325030329;9.925011708878676;;CyL;
2020-06-15;Castilla y León;313033;18220;;;191596;19252;99999;;;5.820472601930148;10.048226476544396;;CyL;
2020-06-14;Castilla y León;309752;18083;;;189990;19245;99999;;;5.837896123350293;10.12948049897363;;CyL;
2020-06-11;Castilla y León;304086;17923;;;184310;19202;99999;;;5.8940562867083655;10.418316965981226;;CyL;
2020-06-10;Castilla y León;299746;17752;;;181314;19168;99999;;;5.922347587624188;10.571715366711892;;CyL;
2020-06-09;Castilla y León;295944;17542;;;178307;19138;99999;;;5.9274727651177255;10.73317368359066;;CyL;
2020-06-08;Castilla y León;291735;17336;;;175518;19112;99999;;;5.942379214012717;10.888911678574278;;CyL;
2020-06-07;Castilla y León;288598;17178;;;173913;19103;99999;;;5.952224201137915;10.984227746056936;;CyL;
2020-06-06;Castilla y León;288204;17158;;;172963;19090;99999;;;5.953421881722669;11.037042604487665;;CyL;
2020-06-05;Castilla y León;287538;17128;;;170020;19055;99999;;;5.956777886748882;11.207504999411833;;CyL;
2020-06-04;Castilla y León;282133;16848;;;167186;19019;99999;;;5.97165166783042;11.375952531910567;;CyL;
2020-06-03;Castilla y León;278601;16654;;;164162;18991;99999;;;5.977724415920976;11.568450676770507;;CyL;
2020-06-02;Castilla y León;272822;16316;;;160620;18956;99999;;;5.9804561215737735;11.801768148424854;;CyL;
2020-06-01;Castilla y León;269305;16090;;;157128;18914;99999;;;5.974638421121034;12.037319892062524;;CyL;
2020-05-31;Castilla y León;266072;15847;;;155711;18903;99999;;;5.955906671878289;12.139797445267194;;CyL;
2020-05-30;Castilla y León;265763;15828;;;154693;18869;99999;;;5.955682318456669;12.197707717867;;CyL;
2020-05-29;Castilla y León;265163;15815;;;152320;18821;99999;;;5.964255948228072;12.3562237394958;;CyL;
2020-05-28;Castilla y León;258789;15525;;;149668;18778;99999;;;5.9990957884608695;12.546436111927733;;CyL;
2020-05-27;Castilla y León;252156;15210;;;146680;18739;99999;;;6.031980202731643;12.775429506408509;;CyL;
2020-05-26;Castilla y León;244382;14831;;;144091;18715;99999;;;6.068777569542765;12.988319881186195;;CyL;
2020-05-25;Castilla y León;236431;14374;;;141465;18652;99999;;;6.079575013428865;13.184886721097092;;CyL;
2020-05-24;Castilla y León;228761;13955;;;139751;18635;99999;;;6.1002531025830455;13.334430522858511;;CyL;
2020-05-23;Castilla y León;228084;13900;;;138812;18631;99999;;;6.094245979551394;13.42175028095554;;CyL;
2020-05-22;Castilla y León;226948;13802;;;136524;18596;99999;;;6.0815693462819675;13.62104831384958;;CyL;
2020-05-21;Castilla y León;217851;13390;;;133734;18550;99999;;;6.146402816604009;13.870818191335038;;CyL;
2020-05-20;Castilla y León;207884;12899;;;130363;18506;99999;;;6.20490273421716;14.195745725397543;;CyL;
2020-05-19;Castilla y León;197923;12332;;;127726;18477;99999;;;6.230705880569717;14.466122794106134;;CyL;
2020-05-18;Castilla y León;184630;11596;;;125048;18447;99999;;;6.280669447002113;14.751935256861366;;CyL;
2020-05-17;Castilla y León;176468;11187;;;123534;18431;99999;;;6.339392977763674;14.919779170107015;;CyL;
2020-05-16;Castilla y León;175228;11133;;;122676;18405;99999;;;6.353436665373113;15.002934559327008;;CyL;
2020-05-15;Castilla y León;172898;11002;;;120257;18350;99999;;;6.363289338222536;15.258987002835594;;CyL;
2020-05-14;Castilla y León;163929;9980;;;117371;18276;99999;;;6.0880015128500755;15.57113767455334;;CyL;
2020-05-13;Castilla y León;153972;9449;;;114195;18211;99999;;;6.136830073000286;15.94728315600508;;CyL;
2020-05-12;Castilla y León;144586;8931;;;111822;18166;99999;;;6.176946592339507;16.245461537085724;;CyL;
2020-05-11;Castilla y León;135062;8449;;;109273;18146;99999;;;6.255645555374569;16.60611495977963;;CyL;
2020-05-10;Castilla y León;124191;7978;;;107583;18122;99999;;;6.423975972493981;16.84466876737031;;CyL;
2020-05-09;Castilla y León;123309;7898;;;106539;18105;99999;;;6.40504748234111;16.993776926759217;;CyL;
2020-05-08;Castilla y León;120655;7789;;;104116;18009;99999;;;6.455596535576643;17.29705328671866;;CyL;
2020-05-07;Castilla y León;110060;7295;;;101679;17942;99999;;;6.628202798473559;17.645728223133585;;CyL;
2020-05-06;Castilla y León;99577;6770;;;98747;17865;99999;;;6.798758749510429;18.091688861433767;;CyL;
2020-05-05;Castilla y León;88739;6115;;;96301;17794;99999;;;6.890994940217943;18.477482061453152;;CyL;
2020-05-04;Castilla y León;81467;5731;;;93843;17741;99999;;;7.034750266979267;18.904979593576503;;CyL;
2020-05-03;Castilla y León;72990;5347;;;91794;17682;99999;;;7.32566104945883;19.26269690829466;;CyL;
2020-05-02;Castilla y León;71319;5261;;;90693;17629;99999;;;7.376715882163238;19.43810437409723;;CyL;
2020-05-01;Castilla y León;68642;5107;;;89014;17583;99999;;;7.4400512805570935;19.753072550385333;;CyL;
2020-04-30;Castilla y León;66722;4999;;;86662;17502;99999;;;7.49228140643266;20.195702845537834;;CyL;
2020-04-29;Castilla y León;61384;4771;;;83427;17365;99999;;;7.772383683044441;20.81460438467163;;CyL;
2020-04-28;Castilla y León;56518;4515;;;80640;17241;99999;;;7.988605400049542;21.380208333333332;;CyL;
2020-04-27;Castilla y León;52500;4318;;;77876;17104;99999;;;8.224761904761904;21.963120858801172;;CyL;
2020-04-26;Castilla y León;49506;4149;;;73892;16876;99999;;;8.380802326990668;22.83873761706274;;CyL;
2020-04-25;Castilla y León;48702;4068;;;71660;16703;99999;;;8.352839719108045;23.30867987719788;;CyL;
2020-04-24;Castilla y León;47639;3994;;;69178;16571;99999;;;8.383887151283611;23.954147272254183;;CyL;
2020-04-23;Castilla y León;44514;3794;;;65689;16427;99999;;;8.52316125263962;25.007231043249252;;CyL;
2020-04-22;Castilla y León;42954;3662;;;63313;16207;99999;;;8.525399264329282;25.598218375373143;;CyL;
2020-04-21;Castilla y León;39090;3392;;;60287;15937;99999;;;8.67741110258378;26.435218206246784;;CyL;
2020-04-20;Castilla y León;34931;3042;;;57380;15706;99999;;;8.708596948269445;27.371906587661204;;CyL;
2020-04-19;Castilla y León;31161;2668;;;55496;15559;99999;;;8.561984531946985;28.03625486521551;;CyL;
2020-04-18;Castilla y León;29618;2480;;;53403;15428;99999;;;8.37328651495712;28.889762747411197;;CyL;
2020-04-17;Castilla y León;28040;2361;;;52224;15318;99999;;;8.420114122681884;29.331341911764707;;CyL;
2020-04-16;Castilla y León;22898;2070;;;50111;15111;99999;;;9.04009083762774;30.155055776176887;;CyL;
2020-04-15;Castilla y León;18046;1775;;;48084;14892;99999;;;9.83597473124238;30.970801098078365;;CyL;
2020-04-14;Castilla y León;13714;1383;;;45537;14569;99999;;;10.084585095522822;31.993763313349582;;CyL;
2020-04-13;Castilla y León;9723;1032;;;42896;14260;99999;;;10.614008022215366;33.2431928384931;;CyL;
2020-04-12;Castilla y León;7112;830;;;40705;13906;99999;;;11.670416197975253;34.162879253163005;;CyL;
2020-04-11;Castilla y León;6293;758;;;38951;13489;99999;;;12.04512950897823;34.630689841082386;;CyL;
2020-04-10;Castilla y León;5579;681;;;37290;13152;99999;;;12.206488618031905;35.269509251810135;;CyL;
2020-04-09;Castilla y León;2384;254;;;34711;12561;99999;;;10.654362416107382;36.18737575984558;;CyL;
2020-04-08;Castilla y León;1219;112;;;32384;12109;99999;;;9.187858900738311;37.39192193675889;;CyL;
2020-04-07;Castilla y León;471;53;;;30214;11520;99999;;;11.252653927813164;38.12802012312173;;CyL;
2020-04-06;Castilla y León;241;32;;;28441;11159;99999;;;13.278008298755188;39.235610562216515;;CyL;
2020-04-05;Castilla y León;124;13;;;26728;10695;99999;;;10.483870967741936;40.01421730020952;;CyL;
2020-04-04;Castilla y León;122;13;;;25390;10231;99999;;;10.655737704918032;40.29539188656951;;CyL;
2020-04-03;Castilla y León;74;10;;;23517;9617;99999;;;13.513513513513514;40.893821490836416;;CyL;
2020-04-02;Castilla y León;38;4;;;21438;8987;99999;;;10.526315789473683;41.92088814255061;;CyL;
2020-04-01;Castilla y León;26;2;;;19709;8378;99999;;;7.6923076923076925;42.508498655436604;;CyL;
2020-03-31;Castilla y León;0;0;;;17590;7724;99999;;;;43.91131324616259;;CyL;
2020-03-30;Castilla y León;0;0;;;16019;7131;99999;;;;44.515887383731815;;CyL;
2020-03-29;Castilla y León;0;0;;;14866;6694;99999;;;;45.02892506390421;;CyL;
2020-03-28;Castilla y León;0;0;;;13858;6284;99999;;;;45.34564872275942;;CyL;
2020-03-27;Castilla y León;0;0;;;12428;5638;99999;;;;45.36530415191503;;CyL;
2020-03-26;Castilla y León;0;0;;;10892;4886;99999;;;;44.8586118251928;;CyL;
2020-03-25;Castilla y León;0;0;;;9122;4001;99999;;;;43.86099539574655;;CyL;
2020-03-24;Castilla y León;0;0;;;7762;3285;99999;;;;42.3215666065447;;CyL;
2020-03-23;Castilla y León;0;0;;;6635;2696;99999;;;;40.633006782215524;;CyL;
2020-03-22;Castilla y León;0;0;;;5525;2236;99999;;;;40.470588235294116;;CyL;
2020-03-21;Castilla y León;0;0;;;4853;1849;99999;;;;38.100144240675874;;CyL;
2020-03-20;Castilla y León;0;0;;;4184;1533;99999;;;;36.6395793499044;;CyL;
2020-03-19;Castilla y León;0;0;;;3514;1236;99999;;;;35.173591348890156;;CyL;
2020-03-18;Castilla y León;0;0;;;2868;965;99999;;;;33.64714086471409;;CyL;
2020-03-17;Castilla y León;0;0;;;2165;680;99999;;;;31.40877598152425;;CyL;
2020-03-16;Castilla y León;0;0;;;1554;445;99999;;;;28.635778635778635;;CyL;
2020-03-15;Castilla y León;0;0;;;1210;330;99999;;;;27.27272727272727;;CyL;
2020-03-14;Castilla y León;0;0;;;900;234;99999;;;;26.0;;CyL;
2020-03-13;Castilla y León;0;0;;;658;164;99999;;;;24.924012158054712;;CyL;
