FECHA;TOTAL CASOS;CASOS NUEVOS PCR*;% CRECIMIENTO COVID*;% MEDIA MOVIL 7 DIÂAS*;CASOS RESIDENCIAS;C. RESID. ACTIVOS;PROF. SANITARIOS;P. SANIT. ACTIVOS;AISLAMIENTO DOM.;TOTAL HOSPITALIZADOS;HOSP. VALDECILLA;HOSP. LIENCRES;HOSP. LAREDO;HOSP. SIERRALLANA;HOSP. TRES MARES;HOSPITALIZADOS UCI;UCI HUMV;UCI SIERRALLANA;FALLECIDOS;RECUPERADOS;ACTIVOS;TOTAL TEST;TEST*100.000 HAB.;TEST PCR;TEST*100.000 HAB.;TEST ANTICUERPOS;TEST*100.000 HAB.;TEST ANTICUERPOS +;TEST ANTIGENOS;TEST*100.000 HAB.;TEST ANTIGENOS +;INCIDENCIA AC 14
29/02/2020;1;1;100.00;0.00;0;0;0;0;0;1;0;0;0;1;0;0;0;0;0;0;1;13;2;13;2;0;0;0;0;0;0;0
01/03/2020;1;0;0.00;0.00;0;0;0;0;0;1;0;0;0;1;0;0;0;0;0;0;1;13;2;13;2;0;0;0;0;0;0;0
02/03/2020;10;9;900.00;0.00;0;0;0;0;0;1;0;0;0;1;0;0;0;0;0;0;10;23;4;23;4;0;0;0;0;0;0;0
03/03/2020;10;0;0.00;0.00;0;0;0;0;0;1;0;0;0;1;0;0;0;0;0;0;10;47;8;47;8;0;0;0;0;0;0;0
04/03/2020;10;0;0.00;0.00;0;0;0;0;0;1;0;0;0;1;0;0;0;0;0;0;10;71;12;71;12;0;0;0;0;0;0;0
05/03/2020;10;0;0.00;0.00;0;0;0;0;0;1;0;0;0;1;0;0;0;0;0;0;10;75;13;75;13;0;0;0;0;0;0;0
06/03/2020;11;1;10.00;144.29;0;0;0;0;0;1;0;0;0;1;0;0;0;0;0;0;11;79;14;79;14;0;0;0;0;0;0;0
07/03/2020;12;1;9.09;131.30;0;0;0;0;0;1;0;0;0;1;0;0;0;0;0;0;12;84;14;84;14;0;0;0;0;0;0;0
08/03/2020;12;0;0.00;131.30;0;0;0;0;0;1;0;0;0;1;0;0;0;0;0;0;12;89;15;89;15;0;0;0;0;0;0;0
09/03/2020;12;0;0.00;2.73;0;0;0;0;0;1;0;0;0;1;0;0;0;0;0;0;12;96;17;96;17;0;0;0;0;0;0;0
10/03/2020;12;0;0.00;2.73;0;0;0;0;0;1;0;0;0;1;0;0;0;0;0;3;9;111;19;111;19;0;0;0;0;0;0;0
11/03/2020;12;0;0.00;2.73;0;0;0;0;0;4;2;0;0;2;0;1;1;0;0;4;8;145;25;145;25;0;0;0;0;0;0;0
12/03/2020;20;8;66.67;12.25;0;0;1;0;0;5;3;0;0;2;0;1;1;0;0;4;16;190;33;190;33;0;0;0;0;0;0;0
13/03/2020;32;12;60.00;19.39;0;0;1;0;0;6;4;0;0;2;0;1;1;0;0;5;27;240;41;240;41;0;0;0;0;0;0;6
14/03/2020;49;17;53.13;25.68;0;0;2;0;0;9;7;0;0;2;0;3;3;0;0;5;44;344;59;344;59;0;0;0;0;0;0;8
15/03/2020;58;9;18.37;28.31;0;0;3;0;0;10;8;0;0;2;0;3;3;0;0;6;52;422;73;422;73;0;0;0;0;0;0;10
16/03/2020;61;3;5.17;29.05;0;0;3;0;0;14;9;0;0;4;1;3;3;0;0;6;55;482;83;482;83;0;0;0;0;0;0;9
17/03/2020;78;17;27.87;33.03;1;0;5;0;0;27;18;0;1;7;1;4;4;0;1;6;71;617;106;617;106;0;0;0;0;0;0;12
18/03/2020;114;36;46.15;39.62;2;0;10;0;0;46;32;0;1;11;2;5;4;1;1;6;107;784;135;784;135;0;0;0;0;0;0;18
19/03/2020;169;55;48.25;36.99;5;0;19;0;0;74;53;0;4;14;3;7;6;1;1;6;162;1017;175;1017;175;0;0;0;0;0;0;27
20/03/2020;228;59;34.91;33.41;6;0;31;0;0;94;67;0;6;18;3;7;6;1;3;6;219;1353;233;1353;233;0;0;0;0;0;0;37
21/03/2020;296;68;29.82;30.08;12;0;38;0;0;121;82;0;11;25;3;11;9;2;6;6;284;1641;282;1641;282;0;0;0;0;0;0;49
22/03/2020;368;72;24.32;30.93;29;0;42;0;0;147;95;0;15;31;6;15;14;1;8;6;354;1925;331;1925;331;0;0;0;0;0;0;61
23/03/2020;444;76;20.65;33.14;46;0;46;0;0;187;118;0;18;43;8;20;16;4;12;6;426;2219;382;2219;382;0;0;0;0;0;0;74
24/03/2020;532;88;19.82;31.99;55;0;58;0;0;237;142;0;33;53;9;22;17;5;17;8;507;2928;504;2928;504;0;0;0;0;0;0;89
25/03/2020;712;180;33.83;30.23;87;0;74;0;0;298;163;0;50;72;13;24;19;5;19;11;682;3576;615;3576;615;0;0;0;0;0;0;120
26/03/2020;855;143;20.08;26.21;120;0;85;0;477;345;187;0;61;85;12;29;23;6;25;12;818;4297;739;4297;739;0;0;0;0;0;0;144
27/03/2020;953;98;11.46;22.86;142;0;97;0;549;367;194;0;61;98;14;36;28;8;28;14;911;4931;848;4931;848;0;0;0;0;0;0;158
28/03/2020;1038;85;8.92;19.87;177;0;103;0;605;391;212;0;65;100;14;38;30;8;31;18;989;5417;932;5417;932;0;0;0;0;0;0;170
29/03/2020;1125;87;8.38;17.59;201;0;109;0;696;386;209;0;60;103;14;41;32;9;34;18;1073;5730;986;5730;986;0;0;0;0;0;0;184
30/03/2020;1183;58;5.16;15.38;215;0;114;0;722;403;226;0;52;111;14;45;34;11;49;20;1114;6225;1071;6225;1071;0;0;0;0;0;0;193
31/03/2020;1240;57;4.82;13.24;233;0;121;0;770;386;215;0;51;105;15;47;35;12;60;30;1150;6817;1173;6817;1173;0;0;0;0;0;0;200
01/04/2020;1278;38;3.06;8.84;235;0;133;0;818;355;203;5;45;96;11;47;35;12;64;44;1170;7449;1281;7449;1281;0;0;0;0;0;0;200
02/04/2020;1351;73;5.71;6.79;269;0;147;0;889;341;205;14;33;91;12;47;35;12;72;52;1227;8076;1389;8076;1389;0;0;0;0;0;0;203
03/04/2020;1420;69;5.11;5.88;298;0;154;0;914;340;205;18;33;89;13;47;35;12;74;79;1267;8660;1490;8660;1490;0;0;0;0;0;0;205
04/04/2020;1460;40;2.82;5.01;306;0;159;0;956;333;202;16;34;84;13;43;31;12;79;87;1294;9167;1577;9167;1577;0;0;0;0;0;0;200
05/04/2020;1488;28;1.92;4.08;325;0;160;0;960;347;210;14;34;89;14;43;32;11;87;88;1313;9374;1613;9374;1613;0;0;0;0;0;0;193
06/04/2020;1520;31;2.08;3.65;334;0;160;0;986;310;190;19;30;75;15;40;31;9;95;109;1316;9845;1694;9825;1690;20;3;1;0;0;0;185
07/04/2020;1593;70;4.61;3.62;373;0;164;0;1023;292;172;19;33;80;16;41;32;9;99;140;1354;10571;1819;10505;1807;66;11;3;0;0;0;182
08/04/2020;1653;52;3.27;3.65;389;0;167;0;1054;288;166;18;36;75;17;38;28;10;104;169;1380;11264;1938;11147;1918;117;20;8;0;0;0;160
09/04/2020;1690;34;2.07;3.13;399;0;170;0;1034;290;167;21;35;77;16;39;28;11;108;190;1392;11718;2016;11543;1986;175;30;3;0;0;0;141
10/04/2020;1758;63;3.76;2.93;443;0;176;0;1080;292;167;20;35;73;16;36;26;10;117;207;1434;12222;2103;11961;2058;261;45;5;0;0;0;135
11/04/2020;1784;24;1.38;2.73;454;0;179;0;1088;291;162;21;32;80;16;35;25;10;121;216;1447;12566;2162;12233;2104;333;57;2;0;0;0;125
12/04/2020;1831;27;1.53;2.67;493;0;179;0;1104;295;163;20;33;79;19;33;24;9;129;230;1472;12928;2224;12566;2162;362;62;20;0;0;0;114
13/04/2020;1844;13;0.73;2.48;498;0;180;0;1125;278;157;14;30;72;18;30;22;8;135;243;1466;13184;2268;12822;2206;362;62;0;0;0;0;107
14/04/2020;1877;25;1.39;2.02;516;0;181;0;1135;249;137;9;27;65;19;29;22;7;141;280;1456;14005;2409;13453;2314;552;95;8;0;0;0;101
15/04/2020;1902;24;1.37;1.75;528;0;182;0;1086;239;131;14;25;63;18;26;19;7;147;339;1416;14777;2542;14175;2439;602;104;0;0;0;0;99
16/04/2020;1962;31;1.67;1.69;545;0;187;0;1093;218;127;16;19;54;16;22;17;5;150;387;1425;15782;2715;14801;2546;981;169;29;0;0;0;91
17/04/2020;2000;24;1.27;1.33;562;0;220;0;1123;196;118;18;11;48;16;20;16;4;156;445;1399;16799;2890;15497;2666;1302;224;14;0;0;0;84
18/04/2020;2052;46;2.41;1.48;599;0;224;0;1092;199;114;19;13;47;16;20;16;4;160;465;1427;17346;2984;15919;2739;1427;245;6;0;0;0;85
19/04/2020;2092;33;1.69;1.50;631;0;224;0;1104;207;117;19;13;51;17;17;14;3;164;471;1457;17998;3096;16381;2818;1617;278;7;0;0;0;86
20/04/2020;2124;13;0.65;1.49;643;0;235;0;1120;196;110;19;13;43;16;18;14;4;169;520;1435;18947;3259;16986;2922;1961;337;19;0;0;0;82
21/04/2020;2163;17;0.85;1.42;650;0;247;0;1095;185;104;19;10;43;16;18;14;4;173;593;1397;20303;3493;17756;3055;2547;438;22;0;0;0;73
22/04/2020;2216;18;0.89;1.35;653;0;274;0;1016;179;103;19;9;41;15;17;13;4;177;659;1380;22148;3810;18686;3215;3462;596;35;0;0;0;67
23/04/2020;2280;26;1.28;1.29;657;0;296;0;1048;143;73;16;8;40;16;11;7;4;180;728;1372;24154;4155;19631;3377;4523;778;38;0;0;0;66
24/04/2020;2318;13;0.63;1.20;664;0;313;0;963;130;68;13;7;39;12;9;6;3;183;766;1369;25732;4427;20239;3482;5493;945;25;0;0;0;57
25/04/2020;2334;15;0.72;0.96;667;0;316;0;888;137;70;12;10;42;12;9;6;3;187;878;1269;26305;4525;20790;3577;5515;949;1;0;0;0;56
26/04/2020;2357;23;1.10;0.88;677;0;316;0;787;132;67;10;7;43;12;9;6;3;191;929;1237;26776;4606;21247;3655;5529;951;0;0;0;0;55
27/04/2020;2396;10;0.47;0.85;681;0;330;0;790;117;62;7;5;36;12;8;5;3;192;1000;1204;28251;4860;21875;3763;6376;1097;29;0;0;0;55
28/04/2020;2446;26;1.23;0.90;690;0;347;0;766;108;57;5;6;31;10;9;6;3;194;1081;1171;29981;5158;22711;3907;7270;1251;24;0;0;0;55
29/04/2020;2512;26;1.21;0.95;706;0;381;0;774;98;49;3;6;29;9;6;4;2;194;1154;1164;32051;5514;23833;4100;8218;1414;40;0;0;0;55
30/04/2020;2558;13;0.60;0.85;707;0;392;0;763;81;43;0;5;23;8;6;4;2;196;1217;1145;33800;5815;24748;4257;9052;1557;33;0;0;0;52
01/05/2020;2587;13;0.59;0.85;713;0;396;0;751;80;43;0;4;23;8;6;4;2;198;1264;1125;35247;6064;25578;4400;9669;1663;16;0;0;0;50
02/05/2020;2593;4;0.18;0.77;713;0;403;0;702;74;43;0;4;19;6;5;4;1;200;1319;1074;35826;6163;26001;4473;9825;1690;2;0;0;0;43
03/05/2020;2595;2;0.09;0.63;714;0;400;0;716;73;44;0;4;17;6;5;4;1;201;1320;1074;36065;6204;26146;4498;9919;1706;0;0;0;0;38
04/05/2020;2607;4;0.18;0.58;715;0;403;0;700;52;32;0;3;11;4;3;3;0;202;1369;1036;37818;6506;26615;4579;11203;1927;8;0;0;0;36
05/05/2020;2634;4;0.18;0.43;717;0;410;0;686;44;28;0;3;8;4;3;3;0;202;1408;1024;39268;6755;27276;4692;11992;2063;23;0;0;0;34
06/05/2020;2649;12;0.54;0.34;722;0;414;0;643;39;23;0;3;7;5;3;3;0;203;1479;967;40976;7049;28204;4852;12772;2197;3;0;0;0;33
07/05/2020;2682;16;0.72;0.36;731;0;422;0;640;38;21;0;3;6;5;3;3;0;203;1545;934;43074;7410;29386;5055;13688;2355;17;0;0;0;31
08/05/2020;2689;0;0.00;0.27;731;0;424;0;585;33;18;0;4;7;4;4;3;1;204;1629;856;44545;7663;30160;5188;14385;2475;7;0;0;0;29
09/05/2020;2692;3;0.13;0.26;731;0;423;0;514;33;17;0;5;7;4;4;3;1;204;1692;796;44952;7733;30515;5249;14437;2484;0;0;0;0;27
10/05/2020;2693;1;0.04;0.26;731;0;423;0;486;35;18;0;5;7;4;4;3;1;204;1701;788;45080;7755;30643;5272;14437;2484;0;0;0;0;23
11/05/2020;2710;5;0.22;0.26;733;0;423;0;482;25;13;0;4;5;3;4;3;1;205;1730;775;46333;7971;31371;5397;14962;2574;12;0;0;0;22
12/05/2020;2729;6;0.27;0.28;735;0;429;0;447;25;12;0;3;6;3;4;3;1;205;1855;669;47444;8162;32218;5542;15226;2619;13;0;0;0;19
13/05/2020;2738;2;0.09;0.21;736;0;432;0;401;23;10;0;3;5;3;2;2;0;205;1893;640;48354;8318;32822;5646;15532;2672;7;0;0;0;15
14/05/2020;2758;5;0.22;0.14;743;0;432;0;382;20;8;0;4;4;4;1;1;0;206;1928;624;49643;8540;33516;5766;16127;2774;15;0;0;0;13
15/05/2020;2767;2;0.09;0.15;743;0;435;0;351;17;7;0;4;3;3;1;1;0;206;1986;575;50846;8747;34387;5916;16459;2831;7;0;0;0;11
16/05/2020;2770;3;0.13;0.15;743;0;436;0;280;16;6;0;4;3;3;1;1;0;208;2053;509;51453;8851;34971;6016;16482;2835;0;0;0;0;11
17/05/2020;2773;3;0.13;0.16;743;0;436;0;260;17;6;0;4;4;3;1;1;0;208;2074;491;52028;8950;35438;6096;16590;2854;0;0;0;0;11
18/05/2020;2781;2;0.09;0.15;743;128;436;16;240;14;5;0;2;4;3;2;2;0;208;2109;464;53009;9119;35838;6165;17171;2954;6;0;0;0;11
19/05/2020;2786;4;0.18;0.13;743;126;436;18;231;14;7;0;1;4;2;2;2;0;209;2141;436;54076;9303;36722;6317;17354;2985;1;0;0;0;11
20/05/2020;2795;2;0.09;0.13;743;115;438;12;210;9;5;0;2;1;1;1;1;0;209;2193;393;55021;9465;37463;6445;17558;3021;7;0;0;0;9
21/05/2020;2800;5;0.22;0.13;743;98;438;11;188;10;6;0;1;2;1;1;1;0;209;2248;343;56233;9674;38315;6591;17918;3082;0;0;0;0;7
22/05/2020;2808;3;0.13;0.14;744;82;439;9;161;12;6;0;2;3;1;1;1;0;209;2284;315;57071;9818;38745;6665;18326;3153;5;0;0;0;8
23/05/2020;2810;2;0.09;0.13;745;70;439;8;143;11;5;0;2;3;1;1;1;0;209;2315;286;57765;9937;39439;6785;18326;3153;0;0;0;0;8
24/05/2020;2810;0;0.00;0.11;745;69;439;5;134;10;5;0;1;3;1;1;1;0;209;2326;275;57978;9974;39620;6816;18358;3158;0;0;0;0;8
25/05/2020;2817;4;0.17;0.13;746;53;439;2;122;12;6;0;2;3;1;1;1;0;209;2367;241;59170;10179;40247;6924;18923;3255;3;0;0;0;7
26/05/2020;2820;2;0.09;0.11;747;51;439;2;117;6;1;0;2;2;1;1;1;0;209;2386;225;59892;10303;40788;7017;19104;3286;1;0;0;0;7
27/05/2020;2834;7;0.31;0.14;747;48;437;5;123;6;1;0;3;1;1;1;1;0;209;2425;200;61031;10499;41675;7169;19356;3330;7;0;0;0;8
28/05/2020;2838;1;0.04;0.12;747;46;435;1;110;8;2;0;4;1;1;1;1;0;209;2459;170;62262;10711;42393;7293;19869;3418;3;0;0;0;7
29/05/2020;2846;3;0.13;0.12;749;50;441;1;106;8;2;0;4;1;1;1;1;0;209;2515;122;63662;10952;43147;7423;20515;3529;5;0;0;0;7
30/05/2020;2848;2;0.09;0.12;750;30;441;1;74;8;2;0;4;1;1;1;1;0;209;2553;86;64191;11043;43675;7513;20516;3529;0;0;0;0;7
31/05/2020;2850;0;0.00;0.12;751;33;441;1;77;9;3;0;4;1;1;1;1;0;209;2555;86;64342;11069;43819;7538;20523;3531;2;0;0;0;6
01/06/2020;2854;2;0.09;0.11;751;29;443;2;72;10;3;0;4;2;1;1;1;0;209;2563;82;64710;11132;44147;7595;20563;3537;2;0;0;0;6
02/06/2020;2862;2;0.09;0.11;752;26;444;2;69;8;4;0;3;1;0;1;1;0;209;2575;78;65624;11289;44887;7722;20737;3567;6;0;0;0;6
03/06/2020;2866;0;0.00;0.06;752;22;444;2;65;9;4;0;4;1;0;1;1;0;209;2584;73;66848;11500;45654;7854;21194;3646;3;0;0;0;6
04/06/2020;2872;4;0.17;0.08;752;17;445;2;54;5;1;0;4;0;0;1;1;0;209;2604;59;67984;11695;46420;7986;21564;3710;2;0;0;0;6
05/06/2020;2877;1;0.04;0.07;752;17;446;2;53;6;2;0;4;0;0;1;1;0;209;2609;59;69116;11890;47362;8148;21754;3742;4;0;0;0;5
06/06/2020;2877;0;0.00;0.06;752;16;446;2;49;6;2;0;4;0;0;1;1;0;209;2613;55;69624;11977;47870;8235;21754;3742;0;0;0;0;5
07/06/2020;2879;2;0.09;0.07;752;16;446;2;49;7;3;0;4;0;0;2;2;0;209;2614;56;69781;12004;48010;8259;21771;3745;0;0;0;0;5
08/06/2020;2887;1;0.04;0.06;752;15;450;3;53;8;3;0;4;1;0;2;2;0;209;2617;61;70571;12140;48475;8339;22096;3801;7;0;0;0;5
09/06/2020;2889;0;0.00;0.05;752;13;451;2;44;8;4;0;3;1;0;2;2;0;209;2628;52;71440;12290;48937;8419;22503;3871;2;0;0;0;4
10/06/2020;2894;3;0.13;0.07;753;9;451;1;39;6;3;0;2;1;0;2;2;0;209;2640;45;72457;12465;49728;8555;22729;3910;2;0;0;0;4
11/06/2020;2899;3;0.09;0.06;753;9;451;1;38;5;2;0;2;0;1;1;1;0;209;2647;43;73560;12655;50398;8670;23162;3985;3;0;0;0;4
12/06/2020;2909;2;0.13;0.07;757;9;451;1;39;5;3;0;1;0;1;0;0;0;209;2656;44;74806;12869;51093;8790;23713;4079;7;0;0;0;4
13/06/2020;2911;2;0.09;0.08;757;9;451;1;37;6;4;0;1;0;1;0;0;0;209;2659;43;75572;13001;51856;8921;23716;4080;0;0;0;0;4
14/06/2020;2912;0;0.00;0.07;757;9;451;1;37;6;4;0;1;0;1;0;0;0;209;2660;43;75991;13073;52091;8961;23900;4112;1;0;0;0;4
15/06/2020;2919;1;0.04;0.07;761;13;451;1;49;6;4;0;1;0;1;0;0;0;209;2655;55;76726;13199;52503;9032;24223;4167;6;0;0;0;4
16/06/2020;2923;2;0.09;0.08;761;9;452;2;40;6;4;0;0;0;2;0;0;0;209;2668;46;77584;13347;53320;9173;24264;4174;1;0;0;0;4
17/06/2020;2937;3;0.13;0.08;762;8;453;2;40;4;4;0;0;0;0;0;0;0;209;2684;44;78599;13521;54026;9294;24573;4227;12;0;0;0;4
18/06/2020;2952;0;0.00;0.07;763;6;453;2;36;3;3;0;0;0;0;0;0;0;209;2704;39;80016;13765;54940;9451;25076;4314;16;0;0;0;3
19/06/2020;2964;1;0.04;0.06;765;6;454;1;34;3;3;0;0;0;0;0;0;0;209;2718;37;81010;13936;55815;9602;25195;4334;11;0;0;0;3
20/06/2020;2965;1;0.04;0.05;765;6;454;1;32;4;4;0;0;0;0;0;0;0;209;2720;36;81602;14038;56407;9704;25195;4334;0;0;0;0;4
21/06/2020;2971;5;0.21;0.08;765;7;454;0;35;4;4;0;0;0;0;0;0;0;209;2723;39;82098;14123;56712;9756;25386;4367;1;0;0;0;4
22/06/2020;2983;0;0.00;0.07;765;9;455;0;38;4;3;0;0;1;0;0;0;0;209;2732;42;82341;14165;56876;9784;25465;4381;12;0;0;0;4
23/06/2020;2990;2;0.09;0.07;766;9;455;0;33;6;3;0;1;2;0;0;0;0;209;2742;39;83435;14353;57851;9952;25584;4401;5;0;0;0;4
24/06/2020;3017;0;0.00;0.05;766;9;456;0;32;5;4;0;0;1;0;0;0;0;209;2771;37;84566;14548;58825;10120;25741;4428;26;0;0;0;4
25/06/2020;3025;3;0.13;0.07;766;4;456;0;23;2;1;0;0;1;0;0;0;0;209;2791;25;85498;14708;59670;10265;25828;4443;6;0;0;0;4
26/06/2020;3036;2;0.09;0.08;766;4;456;0;25;2;1;0;0;1;0;0;0;0;209;2800;27;86294;14845;60390;10388;25904;4456;9;0;0;0;4
27/06/2020;3042;6;0.26;0.11;766;3;456;0;28;2;2;0;0;0;0;0;0;0;209;2803;30;87191;14999;61284;10542;25907;4456;0;0;0;0;4
28/06/2020;3042;0;0.00;0.08;766;3;456;0;28;2;2;0;0;0;0;0;0;0;209;2803;30;87596;15069;61689;10612;25907;4456;0;0;0;0;4
29/06/2020;3048;0;0.00;0.08;766;3;458;0;27;3;3;0;0;0;0;0;0;0;209;2809;30;88090;15154;62103;10683;25987;4470;6;0;0;0;4
30/06/2020;3061;1;0.04;0.07;767;4;458;0;29;2;2;0;0;0;0;0;0;0;211;2819;31;88965;15304;62919;10823;26046;4480;12;0;0;0;4
01/07/2020;3068;1;0.04;0.08;767;3;458;0;28;2;2;0;0;0;0;0;0;0;211;2827;30;90154;15509;63977;11005;26177;4503;6;0;0;0;4
02/07/2020;3075;0;0.00;0.06;768;3;458;0;29;1;1;0;0;0;0;0;0;0;211;2834;30;90978;15650;64726;11134;26252;4516;7;0;0;0;4
03/07/2020;3083;3;0.13;0.07;768;3;458;0;28;1;1;0;0;0;0;0;0;0;211;2843;29;91660;15768;65361;11244;26299;4524;5;0;0;0;4
04/07/2020;3084;1;0.04;0.04;768;3;458;0;28;1;1;0;0;0;0;0;0;0;211;2844;29;92335;15884;66036;11360;26299;4524;0;0;0;0;4
05/07/2020;3084;0;0.00;0.04;768;3;458;0;28;1;1;0;0;0;0;0;0;0;211;2844;29;92516;15915;66217;11391;26299;4524;0;0;0;0;3
06/07/2020;3088;0;0.00;0.04;768;3;458;0;29;1;1;0;0;0;0;0;0;0;211;2847;30;92855;15973;66483;11437;26372;4536;4;0;0;0;3
07/07/2020;3093;1;0.04;0.04;768;3;459;1;32;1;1;0;0;0;0;0;0;0;211;2849;33;93704;16119;67266;11571;26438;4548;4;0;0;0;3
08/07/2020;3104;0;0.00;0.03;768;3;459;1;28;1;1;0;0;0;0;0;0;0;211;2864;29;94479;16253;67927;11685;26552;4567;11;0;0;0;3
09/07/2020;3108;0;0.00;0.03;768;1;459;1;22;1;1;0;0;0;0;0;0;0;211;2874;23;95377;16407;68757;11828;26620;4579;4;0;0;0;3
10/07/2020;3111;2;0.08;0.02;768;1;459;1;23;1;1;0;0;0;0;0;0;0;211;2876;24;96028;16519;69322;11925;26706;4594;1;0;0;0;3
11/07/2020;3111;2;0.00;0.02;768;1;459;1;23;1;1;0;0;0;0;0;0;0;211;2876;24;96418;16586;69712;11992;26706;4594;0;0;0;0;2
12/07/2020;3114;2;0.13;0.04;768;1;459;1;26;1;1;0;0;0;0;0;0;0;211;2876;27;96767;16646;70061;12052;26706;4594;0;0;0;0;2
13/07/2020;3116;1;0.04;0.04;768;2;459;1;25;3;1;0;0;2;0;0;0;0;211;2877;28;97144;16711;70371;12105;26773;4605;1;0;0;0;2
14/07/2020;3123;3;0.13;0.05;768;2;459;0;27;2;1;0;0;1;0;0;0;0;211;2883;29;97900;16841;71057;12223;26843;4617;4;0;0;0;3
15/07/2020;3132;2;0.08;0.07;768;1;460;0;25;3;2;0;0;1;0;0;0;0;211;2893;28;98541;16952;71633;12323;26908;4628;7;0;0;0;3
16/07/2020;3136;1;0.04;0.07;768;0;460;0;26;2;2;0;0;0;0;0;0;0;212;2896;28;99505;17117;72576;12485;26929;4632;4;0;0;0;3
17/07/2020;3143;2;0.08;0.07;768;0;460;0;28;1;1;0;0;0;0;0;0;0;212;2902;29;100073;17215;73052;12567;27021;4648;4;0;0;0;3
18/07/2020;3151;8;0.34;0.12;768;1;460;0;36;2;1;0;0;1;0;0;0;0;212;2901;38;100628;17311;73607;12662;27021;4648;0;0;0;0;4
19/07/2020;3172;12;0.50;0.17;768;1;460;0;48;2;1;0;0;1;0;0;0;0;212;2910;50;101036;17381;73980;12726;27056;4654;9;0;0;0;6
20/07/2020;3185;2;0.08;0.18;768;0;460;0;49;1;1;0;0;0;0;0;0;0;212;2923;50;101861;17523;74740;12857;27121;4665;11;0;0;0;7
21/07/2020;3187;1;0.04;0.17;768;0;461;0;50;2;2;0;0;0;0;1;1;0;212;2923;52;102363;17609;75209;12938;27154;4671;1;0;0;0;7
22/07/2020;3195;4;0.17;0.18;768;0;461;0;53;1;1;0;0;0;0;1;1;0;212;2929;54;103408;17789;76182;13105;27226;4683;2;0;0;0;7
23/07/2020;3209;9;0.37;0.23;768;1;460;0;60;2;2;0;0;0;0;1;1;0;212;2935;62;104281;17939;76984;13243;27297;4695;8;0;0;0;9
24/07/2020;3221;6;0.25;0.25;768;0;461;0;66;1;1;0;0;0;0;1;1;0;212;2942;67;104746;18019;77367;13309;27379;4710;4;0;0;0;9
25/07/2020;3227;6;0.25;0.24;768;0;461;0;71;1;1;0;0;0;0;1;1;0;212;2943;72;105360;18125;77981;13415;27379;4710;0;0;0;0;10
26/07/2020;3232;5;0.21;0.20;768;0;461;0;75;1;1;0;0;0;0;1;1;0;212;2944;76;105766;18194;78377;13483;27389;4711;0;0;0;0;11
27/07/2020;3245;11;0.45;0.25;768;0;460;0;82;2;2;0;0;0;0;1;1;0;212;2949;84;106402;18304;78977;13586;27425;4717;4;0;0;0;12
28/07/2020;3246;1;0.04;0.25;769;0;460;0;81;2;2;0;0;0;0;1;1;0;212;2951;83;107059;18417;79634;13699;27425;4717;0;0;0;0;12
29/07/2020;3240;7;0.29;0.27;769;0;460;0;89;2;2;0;0;0;0;1;1;0;212;2937;91;107869;18556;80406;13832;27463;4724;5;0;0;0;13
30/07/2020;3278;14;0.57;0.29;769;0;462;1;96;7;6;0;0;1;0;1;1;0;212;2963;103;108797;18716;81307;13987;27490;4729;5;0;0;0;15
31/07/2020;3298;17;0.69;0.36;769;0;464;1;110;7;6;0;0;1;0;0;0;0;212;2969;117;109543;18844;81989;14104;27554;4740;3;0;0;0;18
01/08/2020;3322;24;0.97;0.46;770;1;464;1;127;10;9;0;0;1;0;1;1;0;212;2973;137;110176;18953;82620;14213;27556;4740;0;0;0;0;20
02/08/2020;3343;22;0.88;0.56;774;5;464;1;145;13;11;0;0;2;0;0;0;0;212;2973;158;110761;19054;83205;14313;27556;4740;0;0;0;0;22
03/08/2020;3384;35;1.39;0.69;774;5;465;2;179;14;12;0;0;2;0;1;1;0;212;2979;193;111743;19223;84123;14471;27620;4751;5;0;0;0;28
04/08/2020;3423;37;1.41;0.89;774;5;466;3;210;15;13;0;0;2;0;1;1;0;212;2986;225;112951;19430;85254;14666;27697;4764;3;0;0;0;34
05/08/2020;3444;19;0.73;0.95;774;5;466;3;225;15;13;0;0;2;0;1;1;0;212;2992;240;113972;19606;86222;14832;27750;4773;2;0;0;0;37
06/08/2020;3486;30;1.15;1.03;774;5;467;4;253;16;13;0;0;3;0;0;0;0;212;3005;269;115186;19815;87323;15022;27863;4793;12;0;0;0;40
07/08/2020;3519;32;1.25;1.11;775;6;467;4;273;16;13;0;0;3;0;0;0;0;213;3017;289;116290;20005;88368;15201;27922;4803;0;0;0;0;45
08/08/2020;3550;32;1.16;1.14;776;7;467;5;294;16;12;0;0;4;0;0;0;0;213;3027;310;117230;20167;89308;15363;27922;4803;0;0;0;0;49
09/08/2020;3580;29;1.11;1.17;778;9;467;5;321;16;12;0;0;4;0;0;0;0;213;3030;337;117699;20247;89777;15444;27922;4803;0;0;0;0;53
10/08/2020;3597;13;0.47;1.04;777;7;467;4;328;16;11;0;0;5;0;0;0;0;214;3039;344;118464;20379;90481;15565;27983;4813;4;0;0;0;54
11/08/2020;3663;65;2.36;1.18;778;7;468;5;387;14;11;0;0;3;0;0;0;0;215;3047;401;120027;20648;92005;15827;28022;4820;1;0;0;0;65
12/08/2020;3710;44;1.53;1.29;778;7;471;7;421;15;12;0;0;3;0;0;0;0;215;3059;436;121576;20914;93470;16079;28106;4835;4;0;0;0;71
13/08/2020;3774;61;2.10;1.43;780;5;472;7;464;16;15;0;0;1;0;0;0;0;215;3079;480;122748;21116;94611;16275;28137;4840;4;0;0;0;79
14/08/2020;3858;74;2.77;1.64;781;6;478;14;525;22;22;0;0;0;0;0;0;0;215;3096;547;124079;21345;95870;16492;28209;4852;3;0;0;0;89
15/08/2020;3921;60;2.10;1.78;782;6;481;15;570;26;25;0;0;1;0;0;0;0;215;3110;596;125429;21577;97220;16724;28209;4852;0;0;0;0;95
16/08/2020;3963;48;1.37;1.81;782;6;481;15;606;24;23;0;0;1;0;1;1;0;215;3118;630;126317;21730;98108;16877;28209;4852;0;0;0;0;100
17/08/2020;3982;19;0.61;1.83;782;5;484;18;620;22;21;0;0;1;0;1;1;0;215;3125;642;127140;21871;98900;17013;28240;4858;0;0;0;0;97
18/08/2020;4033;53;1.57;1.72;784;7;484;18;637;23;20;0;1;2;0;2;2;0;215;3158;660;128843;22164;100503;17289;28340;4875;2;0;0;0;100
19/08/2020;4083;49;1.57;1.73;785;1;485;19;657;26;23;0;1;2;0;2;2;0;216;3184;683;130462;22443;102074;17559;28388;4883;0;0;0;0;105
20/08/2020;4151;76;2.08;1.72;786;1;492;26;690;28;25;0;2;1;0;3;3;0;216;3217;718;131814;22675;103357;17780;28457;4895;1;0;0;0;113
21/08/2020;4254;91;3.01;1.76;788;2;497;29;733;36;29;0;3;3;1;3;3;0;216;3269;769;133688;22998;105173;18092;28515;4905;4;0;0;0;123
22/08/2020;4329;74;2.21;1.77;790;3;503;34;771;31;24;0;3;3;1;3;3;0;216;3311;802;135105;23242;106590;18336;28515;4905;0;0;0;0;130
23/08/2020;4366;37;1.07;1.73;790;2;503;34;783;30;22;0;3;4;1;2;2;0;216;3337;813;136046;23403;107531;18498;28515;4905;0;0;0;0;131
24/08/2020;4420;51;1.46;1.85;791;3;504;34;810;29;24;0;2;2;1;1;1;0;216;3365;839;137264;23613;108698;18699;28566;4914;3;0;0;0;138
25/08/2020;4505;81;2.28;1.95;792;4;505;31;799;28;21;0;2;4;1;0;0;0;216;3462;827;139280;23960;110639;19033;28641;4927;4;0;0;0;141
26/08/2020;4597;90;2.50;2.09;796;8;527;33;831;29;22;0;2;4;1;1;1;0;216;3521;860;140967;24250;112258;19311;28709;4938;1;0;0;0;149
27/08/2020;4691;89;2.39;2.13;796;7;531;34;877;27;18;0;3;5;1;2;2;0;216;3571;904;142799;24565;114033;19617;28766;4948;5;0;0;0;154
28/08/2020;4820;124;3.33;2.18;796;6;532;30;938;29;17;0;4;7;1;1;1;0;216;3637;967;144735;24898;115892;19936;28843;4961;2;0;0;0;162
29/08/2020;4934;114;2.89;2.27;797;6;535;33;996;31;19;0;4;7;1;1;1;0;218;3689;1027;146357;25177;117514;20215;28843;4961;0;0;0;0;171
30/08/2020;5001;68;1.65;2.36;797;7;536;34;1049;34;21;0;6;6;1;1;1;0;218;3700;1083;147046;25296;118196;20333;28850;4963;0;0;0;0;175
31/08/2020;5066;62;1.50;2.36;801;10;540;28;1087;37;25;0;5;7;0;4;4;0;219;3723;1124;148062;25471;119156;20498;28906;4972;3;0;0;0;182
01/09/2020;5182;114;2.70;2.42;802;8;543;26;1104;47;31;0;8;8;0;5;5;0;219;3812;1151;149712;25754;120751;20772;28961;4982;3;0;0;0;193
02/09/2020;5284;100;2.33;2.40;802;9;544;26;1158;43;28;0;7;8;0;4;4;0;220;3863;1201;151456;26054;122482;21070;28974;4984;3;0;0;0;202
03/09/2020;5429;136;3.14;2.51;803;6;545;26;1239;45;28;0;10;7;0;4;4;0;220;3925;1284;153183;26352;124098;21348;29085;5003;7;0;0;0;212
04/09/2020;5557;116;2.78;2.43;805;6;547;26;1294;42;28;0;7;7;0;6;6;0;221;4000;1336;154967;26658;125847;21649;29120;5009;2;0;0;0;216
05/09/2020;5676;116;2.55;2.38;806;7;547;26;1339;50;34;0;8;8;0;8;8;0;221;4066;1389;156334;26894;127201;21882;29133;5011;0;0;0;0;223
06/09/2020;5736;60;1.25;2.32;806;7;548;26;1355;54;38;0;8;8;0;8;8;0;221;4106;1409;157139;27032;128006;22020;29133;5011;0;0;0;0;227
07/09/2020;5819;80;1.65;2.34;804;7;550;25;1379;49;33;0;6;10;0;9;9;0;222;4169;1428;158401;27249;129186;22223;29215;5025;3;0;0;0;232
08/09/2020;5926;105;2.13;2.26;804;7;553;25;1390;43;29;0;6;7;1;9;9;0;222;4271;1433;159791;27488;130547;22457;29244;5030;2;0;0;0;236
09/09/2020;6105;172;3.50;2.43;805;7;559;29;1462;56;38;0;6;11;1;9;9;0;223;4364;1518;161685;27814;132396;22776;29289;5038;3;0;0;0;251
10/09/2020;6257;149;2.86;2.39;807;7;559;28;1510;58;37;0;7;12;2;7;7;0;223;4466;1568;163492;28125;134132;23074;29360;5050;3;0;0;0;261
11/09/2020;6372;113;2.15;2.30;808;7;562;26;1510;53;35;0;5;11;2;5;5;0;223;4586;1563;164955;28377;135571;23322;29384;5054;0;0;0;0;259
12/09/2020;6494;116;2.21;2.25;809;8;563;28;1573;65;42;0;6;13;4;7;7;0;223;4633;1638;166457;28635;137022;23571;29435;5063;1;0;0;0;259
13/09/2020;6603;99;1.88;2.34;809;8;564;29;1647;73;45;0;8;16;4;8;8;0;223;4660;1720;167842;28873;138354;23801;29488;5072;4;0;0;0;265
14/09/2020;6688;76;1.49;2.32;809;6;565;26;1672;67;41;0;7;15;4;8;8;0;223;4726;1739;169498;29158;139987;24081;29511;5076;0;0;0;0;267
15/09/2020;6768;78;1.38;2.21;809;5;566;26;1690;69;41;0;8;17;3;7;7;0;224;4785;1759;171011;29419;141499;24342;29512;5076;0;0;0;0;261
16/09/2020;6888;112;2.03;2.00;810;6;567;24;1723;67;40;0;7;17;3;10;10;0;224;4874;1790;173146;29786;143582;24700;29564;5085;1;0;0;0;263
17/09/2020;6952;53;1.05;1.74;813;7;569;24;1754;65;41;0;5;16;3;10;10;0;225;4908;1819;174758;30063;145073;24956;29685;5106;1;0;0;0;249
18/09/2020;7061;107;1.77;1.69;815;9;569;21;1794;66;44;0;5;15;2;11;11;0;228;4973;1860;176564;30374;146817;25256;29747;5117;2;0;0;0;247
19/09/2020;7138;56;1.24;1.55;815;7;571;21;1799;72;49;0;6;15;2;10;10;0;229;5038;1871;178006;30622;148258;25504;29748;5117;2;0;0;0;237
20/09/2020;7194;49;0.90;1.41;815;7;575;25;1811;76;49;0;9;16;2;10;10;0;229;5078;1887;178727;30746;148979;25628;29748;5117;0;0;0;0;235
21/09/2020;7262;46;1.02;1.34;815;7;579;25;1851;75;54;0;9;11;1;9;9;0;229;5107;1926;179801;30931;149986;25802;29815;5129;4;0;0;0;229
22/09/2020;7334;65;1.10;1.30;815;4;579;24;1850;69;52;0;9;8;0;9;9;0;229;5186;1919;181427;31210;151544;26070;29883;5140;2;0;0;0;222
23/09/2020;7395;57;0.92;1.14;815;3;582;25;1878;58;42;0;7;8;1;8;8;0;229;5230;1936;183073;31494;153113;26340;29960;5154;2;0;0;0;202
24/09/2020;7452;46;0.85;1.11;815;4;583;23;1847;61;45;0;7;8;1;6;6;0;230;5314;1908;184402;31722;154313;26546;30089;5176;2;0;0;0;185
25/09/2020;7527;52;1.13;1.02;815;4;585;25;1843;57;40;0;7;9;1;7;7;0;230;5397;1900;186199;32031;156054;26845;30145;5185;0;0;0;0;174
26/09/2020;7582;55;0.83;0.96;815;4;585;24;1796;59;40;0;8;10;1;8;8;0;231;5496;1855;187536;32261;157391;27075;30145;5185;0;0;0;0;164
27/09/2020;7607;25;0.38;0.89;815;4;586;24;1779;56;38;0;8;9;1;8;8;0;231;5541;1835;188215;32378;158018;27183;30197;5194;0;0;0;0;151
28/09/2020;7682;73;1.09;0.90;816;5;591;29;1800;55;40;0;4;9;2;9;9;0;232;5595;1855;189818;32654;159513;27441;30305;5213;2;0;0;0;150
29/09/2020;7716;33;0.47;0.81;816;5;591;27;1799;55;42;0;4;7;2;11;11;0;232;5629;1855;190952;32849;160598;27627;30354;5221;1;0;0;0;143
30/09/2020;7762;44;1.13;0.90;816;5;592;22;1814;52;37;0;6;7;2;10;10;0;232;5664;1866;192332;33086;161900;27851;30432;5235;3;0;0;0;131
01/10/2020;7808;38;0.56;0.85;817;4;594;24;1801;53;37;0;5;8;3;9;9;0;232;5722;1854;193981;33370;163408;28111;30573;5259;8;0;0;0;128
02/10/2020;7874;64;0.93;0.86;819;6;596;27;1860;44;33;0;4;6;1;11;11;0;233;5737;1904;195532;33637;164902;28368;30630;5269;2;0;0;0;121
03/10/2020;7906;32;0.46;0.77;819;6;596;26;1785;43;31;0;4;6;2;11;11;0;233;5845;1828;196667;33832;166037;28563;30630;5269;0;0;0;0;117
04/10/2020;7967;61;0.88;0.78;819;6;596;26;1820;43;33;0;3;5;2;11;11;0;234;5870;1863;197635;33999;167003;28729;30632;5269;0;0;0;0;119
05/10/2020;8008;37;0.53;0.80;819;3;598;22;1786;43;37;0;1;3;2;6;6;0;234;5945;1829;198525;34152;167837;28872;30688;5279;4;0;0;0;117
06/10/2020;8054;43;0.61;0.73;819;3;598;21;1790;42;37;0;1;2;2;8;8;0;234;5988;1832;199680;34350;168924;29059;30756;5290;3;0;0;0;114
07/10/2020;8093;37;0.52;0.64;822;3;600;22;1618;38;33;0;0;4;1;7;7;0;234;6203;1656;201161;34605;170349;29305;30812;5300;2;0;0;0;110
08/10/2020;8126;30;0.45;0.63;822;3;600;17;1555;39;33;0;0;5;1;6;6;0;234;6298;1594;202784;34884;171912;29574;30872;5310;1;0;0;0;107
09/10/2020;8194;65;0.89;0.62;825;6;600;17;1459;35;28;0;3;4;0;6;6;0;235;6465;1494;204758;35224;173830;29903;30928;5320;4;0;0;0;110
10/10/2020;8264;70;0.97;0.69;826;7;601;17;1433;33;28;0;2;3;0;6;6;0;236;6562;1466;206152;35464;175224;30143;30928;5320;0;0;0;0;112
11/10/2020;8299;35;0.48;0.64;828;9;602;17;1453;37;31;0;3;3;0;8;8;0;236;6573;1490;206638;35547;175710;30227;30928;5320;0;0;0;0;114
12/10/2020;8344;45;0.61;0.65;828;9;602;16;1374;42;34;0;4;3;1;10;10;0;236;6692;1416;207296;35661;176368;30340;30928;5320;0;0;0;0;109
13/10/2020;8417;71;0.96;0.70;829;10;603;16;1288;41;32;0;4;4;1;9;9;0;237;6851;1329;208321;35837;177348;30509;30973;5328;2;0;0;0;116
14/10/2020;8478;58;0.78;0.73;846;24;605;18;1273;38;30;0;4;3;1;10;10;0;237;6930;1311;209650;36066;178595;30723;31055;5342;3;0;0;0;118
15/10/2020;8563;85;1.13;0.83;853;30;608;18;1057;36;27;0;6;2;1;9;9;0;239;7231;1093;211340;36356;180245;31007;31095;5349;0;0;0;0;126
16/10/2020;8665;100;1.32;0.89;858;34;612;19;987;34;23;0;5;5;1;8;8;0;241;7403;1021;212958;36635;181790;31273;31168;5361;2;0;0;0;132
17/10/2020;8820;155;2.01;1.04;858;32;613;19;966;40;25;0;6;8;1;8;8;0;244;7570;1006;214132;36837;182964;31475;31168;5361;0;0;0;0;154
18/10/2020;8868;48;0.61;1.06;860;34;616;22;992;51;32;0;6;11;2;9;9;0;244;7581;1043;214886;36966;183718;31605;31168;5361;0;0;0;0;151
19/10/2020;8961;92;1.16;1.14;861;34;618;24;1001;58;40;0;3;13;2;10;10;0;244;7658;1059;216368;37221;185168;31854;31200;5367;1;0;0;0;161
20/10/2020;9120;157;1.96;1.28;865;37;623;30;1115;58;38;0;4;14;2;12;12;0;244;7703;1173;217804;37468;186547;32091;31257;5377;2;0;0;0;180
21/10/2020;9334;213;2.61;1.54;872;45;628;36;1283;56;38;0;5;11;2;11;11;0;245;7750;1339;220167;37875;188879;32492;31288;5382;1;0;0;0;211
22/10/2020;9452;114;1.36;1.58;876;48;633;40;1376;58;38;0;5;12;3;11;11;0;245;7773;1434;221650;38130;190323;32741;31327;5389;4;0;0;0;225
23/10/2020;9637;181;2.13;1.69;876;48;638;41;1419;67;44;0;6;13;4;11;11;0;245;7906;1486;223547;38456;192153;33056;31394;5400;4;0;0;0;245
24/10/2020;9811;174;2.01;1.69;883;55;639;42;1566;72;47;0;6;15;4;12;12;0;245;7928;1638;225470;38787;194076;33386;31394;5400;0;0;0;0;263
25/10/2020;9975;164;1.86;1.87;893;65;640;43;1533;78;49;0;7;18;4;13;13;0;245;8119;1611;226682;38996;195288;33595;31394;5400;0;0;0;0;285
26/10/2020;10110;132;1.47;1.91;893;55;641;42;1621;85;59;0;9;15;2;14;14;0;247;8157;1706;228388;39289;196926;33877;31462;5412;3;0;0;0;300
27/10/2020;10283;171;1.87;1.90;897;57;644;43;1699;100;63;0;11;20;6;16;16;0;248;8236;1799;230218;39604;198685;34179;31533;5424;2;0;0;0;317
28/10/2020;10484;198;2.13;1.83;895;58;648;46;1762;110;64;0;13;26;7;12;12;0;249;8363;1872;232171;39940;200587;34506;31584;5433;3;0;0;0;341
29/10/2020;10666;179;1.88;1.91;900;60;653;49;1888;113;67;0;15;23;8;12;12;0;249;8416;2001;233985;40252;202299;34801;31686;5450;3;0;0;0;358
30/10/2020;10834;166;1.72;1.85;905;67;657;47;1905;122;78;0;16;25;3;12;12;0;250;8557;2027;235849;40573;204086;35108;31763;5464;2;0;0;0;369
31/10/2020;11030;196;1.99;1.85;912;74;657;47;2066;135;92;0;16;24;3;15;15;0;252;8577;2201;237404;40840;205641;35376;31763;5464;0;0;0;0;376
01/11/2020;11175;146;1.45;1.79;927;90;658;48;2156;147;98;0;19;27;3;16;16;0;252;8620;2303;238500;41029;206737;35564;31763;5464;0;0;0;0;393
02/11/2020;11391;216;2.12;1.88;940;95;660;47;2232;157;104;0;19;27;7;17;17;0;252;8750;2389;240091;41302;208328;35838;31763;5464;0;0;0;0;414
03/11/2020;11628;236;2.27;1.94;942;89;668;52;2352;149;104;0;15;25;5;17;17;0;256;8871;2501;242236;41671;210390;36193;31846;5478;1;0;0;0;428
04/11/2020;11785;154;1.45;1.84;948;77;669;56;2256;148;107;0;15;23;3;19;19;0;260;9121;2404;243735;41929;211818;36439;31917;5490;3;0;0;0;418
05/11/2020;12095;308;2.85;1.98;955;83;677;62;2451;148;109;0;14;22;3;21;21;0;261;9235;2599;246502;42405;214494;36899;32008;5506;2;0;0;0;451
06/11/2020;12322;222;2.00;2.02;961;90;687;74;2646;158;113;0;17;25;3;23;23;0;263;9255;2804;248580;42763;216493;37243;32087;5519;5;0;0;0;458
07/11/2020;12502;180;1.59;1.96;969;92;688;69;2641;157;110;0;17;26;4;24;24;0;265;9439;2798;250292;43057;218205;37537;32087;5519;0;0;0;0;459
08/11/2020;12738;236;2.05;2.05;975;96;693;74;2687;177;127;0;17;29;4;29;29;0;267;9607;2864;251625;43287;219538;37767;32087;5519;0;0;0;0;471
09/11/2020;12964;221;1.88;2.01;981;102;696;67;2759;179;129;0;21;25;4;34;34;0;269;9757;2938;253786;43658;221615;38124;32171;5534;5;0;0;0;487
10/11/2020;13220;253;2.12;1.99;986;103;702;72;2964;192;136;0;23;29;4;35;35;0;272;9792;3156;255997;44039;223762;38493;32235;5545;3;0;0;0;500
11/11/2020;13480;258;2.11;2.09;993;110;712;82;3114;197;139;0;21;33;4;34;34;0;273;9896;3311;258247;44426;225922;38865;32325;5560;2;0;0;0;511
12/11/2020;13708;226;1.81;1.94;999;115;720;90;3295;196;135;0;19;38;4;35;35;0;278;9939;3491;260448;44804;228060;39233;32388;5571;1;0;0;0;519
13/11/2020;13917;204;1.61;1.88;1003;113;733;100;3451;178;127;0;16;32;3;34;34;0;281;10007;3629;262605;45175;230122;39587;32483;5588;5;0;0;0;525
14/11/2020;14110;193;1.50;1.87;1004;114;736;100;3438;191;134;0;16;37;4;34;34;0;281;10200;3629;264550;45510;232067;39922;32483;5588;0;0;0;0;525
15/11/2020;14240;130;0.99;1.72;1011;118;740;104;3428;197;140;0;14;39;4;32;32;0;282;10333;3625;265731;45713;233248;40125;32483;5588;0;0;0;0;522
16/11/2020;14481;238;1.80;1.71;1024;126;752;109;3596;189;131;0;16;37;5;30;30;0;285;10411;3785;267853;46078;235287;40476;32566;5602;3;0;0;0;526
17/11/2020;14761;277;2.06;1.70;1030;114;755;95;3765;199;136;0;17;40;6;35;35;0;291;10506;3964;270951;46611;238292;40993;32659;5618;3;0;0;0;533
18/11/2020;15001;235;1.71;1.64;1031;113;758;95;3926;193;127;0;19;41;6;33;33;0;292;10588;4119;273512;47052;240765;41418;32747;5633;6;0;0;0;547
19/11/2020;15168;161;1.15;1.54;1046;125;759;93;3877;186;119;0;21;40;6;36;36;0;293;10812;4063;275651;47420;242778;41765;32873;5655;6;0;0;0;522
20/11/2020;15338;168;1.19;1.48;1066;145;762;96;3999;179;121;0;17;34;7;38;38;0;295;10865;4178;277837;47796;244861;42123;32976;5672;2;0;0;0;512
21/11/2020;15489;151;1.06;1.42;1039;155;763;96;4103;182;121;0;17;37;7;36;36;0;296;10908;4285;279639;48106;246663;42433;32976;5672;0;0;0;0;507
22/11/2020;15573;84;0.58;1.36;1039;154;764;97;4032;182;121;0;15;40;6;38;38;0;297;11062;4214;280573;48266;247597;42594;32976;5672;0;0;0;0;481
23/11/2020;15707;133;0.92;1.23;1036;144;766;86;4077;163;109;0;15;33;6;30;30;0;297;11170;4240;282726;48637;249618;42941;33108;5695;1;0;0;0;466
24/11/2020;15840;128;0.87;1.07;1048;148;766;81;3973;178;116;0;22;34;6;33;33;0;298;11391;4151;285081;49042;251650;43291;33186;5708;2;245;42;1;445
25/11/2020;15961;119;0.78;0.93;1065;152;769;76;3980;183;115;0;23;36;9;32;32;0;300;11498;4163;287198;49406;253611;43628;33311;5730;2;276;47;4;421
26/11/2020;16066;99;0.66;0.86;1052;154;771;70;4008;165;101;0;19;34;11;28;28;0;304;11589;4173;289409;49787;255702;43988;33399;5745;6;308;52;1;399
27/11/2020;16201;128;0.83;0.81;1061;161;776;67;4028;158;97;0;16;38;7;28;28;0;305;11710;4186;291600;50163;257714;44334;33540;5769;7;346;59;3;386
28/11/2020;16288;87;0.56;0.74;1078;171;777;65;4044;166;102;0;15;41;8;32;32;0;311;11767;4210;293483;50487;259558;44651;33540;5769;0;385;66;2;367
29/11/2020;16377;89;0.58;0.74;1124;174;778;66;4096;169;103;0;15;43;8;30;30;0;312;11800;4265;294316;50631;260346;44787;33540;5769;0;430;73;1;360
30/11/2020;16483;105;0.66;0.71;1129;173;783;69;4022;166;96;0;19;41;10;29;29;0;316;11979;4188;295729;50874;261605;45003;33644;5787;1;480;82;4;337
01/12/2020;16685;198;1.27;0.76;1226;249;786;71;3901;169;99;0;18;39;13;31;31;0;320;12295;4070;297868;51242;263624;45351;33734;5803;5;510;87;2;324
02/12/2020;16805;119;0.76;0.76;1212;243;788;75;3755;177;107;0;19;38;13;33;33;0;321;12552;3932;299941;51598;265573;45686;33824;5818;1;544;93;1;304
03/12/2020;16963;151;0.94;0.80;1262;249;790;75;3774;175;102;0;17;38;18;33;33;0;324;12690;3949;302225;51991;267660;46045;33973;5844;7;592;101;3;302
04/12/2020;17098;128;0.79;0.79;1271;275;795;78;3772;169;104;0;12;36;17;29;29;0;324;12833;3941;304241;52338;269517;46365;34071;5861;7;653;112;3;296
05/12/2020;17227;128;0.80;0.83;1291;282;800;81;3585;169;100;0;11;38;20;28;28;0;328;13145;3754;305786;52604;271043;46627;34074;5861;1;669;115;0;292
06/12/2020;17285;58;0.36;0.80;1291;279;802;83;3439;171;101;0;10;37;23;28;28;0;331;13344;3610;306509;52728;271733;46746;34074;5861;0;702;120;0;287
07/12/2020;17364;73;0.43;0.76;1297;276;802;51;3154;154;94;0;7;32;21;28;28;0;342;13714;3308;307700;52933;272763;46923;34187;5881;6;750;129;3;277
08/12/2020;17452;88;0.54;0.66;1311;269;805;55;2946;158;95;0;7;33;23;26;26;0;344;14004;3104;309443;53233;274474;47217;34187;5881;0;782;134;0;270
09/12/2020;17499;44;0.25;0.59;1312;265;805;48;2528;155;92;0;8;34;21;27;27;0;347;14469;2683;310601;53432;275517;47397;34272;5895;3;812;139;3;257
10/12/2020;17609;106;0.63;0.54;1338;290;807;48;2248;150;87;0;7;32;24;28;28;0;348;14863;2398;312311;53726;277045;47660;34416;5920;4;850;146;3;258
11/12/2020;17686;75;0.45;0.49;1338;253;809;46;1940;136;82;0;6;29;19;25;25;0;350;15260;2076;314115;54037;278727;47949;34504;5935;2;884;152;1;249
12/12/2020;17741;55;0.33;0.43;1363;273;809;46;1857;139;84;0;6;32;17;25;25;0;352;15393;1996;315589;54290;280180;48199;34504;5935;0;905;155;0;243
13/12/2020;17822;81;0.49;0.45;1368;277;811;48;1744;148;89;0;6;31;22;26;26;0;353;15577;1892;316628;54469;281197;48374;34504;5935;0;927;159;0;242
14/12/2020;17896;70;0.41;0.44;1379;279;813;47;1624;139;84;0;6;27;22;26;26;0;359;15774;1763;318031;54710;282399;48581;34665;5963;4;967;166;2;236
15/12/2020;17983;84;0.50;0.44;1380;277;818;46;1652;133;80;1;5;28;19;21;21;0;363;15835;1785;320218;55087;284446;48933;34745;5977;2;1027;176;1;216
16/12/2020;18065;76;0.44;0.46;1390;275;822;49;1504;129;75;1;6;26;21;21;21;0;367;16065;1633;322463;55473;286437;49275;34956;6013;6;1070;184;2;209
17/12/2020;18140;75;0.42;0.46;1402;269;824;52;1449;121;69;0;5;27;20;21;21;0;370;16200;1570;324381;55803;288214;49581;35025;6025;0;1142;196;4;196
18/12/2020;18213;71;0.90;0.49;1421;265;826;59;1385;112;64;0;6;21;21;21;21;0;372;16344;1497;326480;56164;289996;49888;35272;6067;2;1212;208;2;186
19/12/2020;18245;32;0.18;0.47;1412;240;826;39;1269;111;65;0;6;19;21;21;21;0;375;16490;1380;328257;56470;291730;50186;35272;6067;0;1255;215;1;170
20/12/2020;18296;51;0.28;0.43;1419;231;826;39;1258;112;64;0;5;20;23;21;21;0;376;16550;1370;329921;56756;293336;50462;35272;6067;0;1313;225;2;168
21/12/2020;18360;62;0.34;0.43;1419;224;826;34;1291;111;64;0;5;17;25;24;24;0;376;16582;1402;331122;56962;294374;50641;35351;6081;2;1397;240;3;166
22/12/2020;18422;60;0.31;0.41;1419;213;832;39;1200;95;54;0;6;13;22;22;22;0;377;16750;1295;333328;57342;296356;50982;35486;6104;2;1486;255;5;162
23/12/2020;18503;74;0.41;0.41;1419;201;836;42;1239;78;48;0;5;8;17;22;22;0;378;16808;1317;335748;57758;298550;51359;35625;6128;7;1573;270;3;167
24/12/2020;18562;59;0.32;0.39;1433;196;840;46;1273;78;50;0;5;7;16;22;22;0;380;16831;1351;337470;58054;300216;51646;35625;6128;0;1629;280;3;159
25/12/2020;18629;67;0.38;0.32;1438;195;848;53;1319;85;53;0;5;15;12;23;23;0;382;16843;1404;338981;58314;301663;51895;35625;6128;0;1693;291;1;157
26/12/2020;18694;65;0.36;0.34;1439;196;855;59;1370;91;54;0;7;16;14;23;23;0;382;16851;1461;340546;58584;303109;52143;35674;6136;0;1763;303;3;159
27/12/2020;18767;73;0.38;0.36;1441;192;861;65;1438;88;54;0;8;16;10;25;25;0;383;16858;1526;341724;58786;304226;52335;35674;6136;0;1824;313;6;158
28/12/2020;18839;64;0.35;0.36;1437;179;861;61;1468;85;50;0;12;12;11;21;21;0;389;16897;1553;343304;59058;305608;52573;35806;6159;8;1890;325;3;157
29/12/2020;18954;112;0.62;0.40;1440;80;866;57;1407;84;49;0;12;11;12;21;21;0;390;17073;1491;344787;59313;306923;52799;35901;6176;3;1963;337;3;161
30/12/2020;19067;105;0.56;0.42;1433;61;873;56;1250;91;50;0;13;17;11;20;20;0;395;17331;1341;347187;59726;309162;53185;36003;6193;8;2022;347;5;166
31/12/2020;19109;42;0.22;0.41;1442;57;874;52;1186;93;53;0;9;20;11;22;22;0;396;17434;1279;348081;59880;309999;53329;36003;6193;0;2079;357;3;161
01/01/2021;19257;148;0.83;0.47;1445;56;876;53;1198;93;51;0;12;21;9;21;21;0;399;17567;1291;349815;60178;311676;53617;36013;6195;0;2126;365;0;174
02/01/2021;19364;107;0.56;0.50;1453;63;879;55;1227;93;51;0;16;18;8;22;22;0;401;17643;1320;351339;60440;313115;53865;36032;6198;0;2192;377;6;187
03/01/2021;19450;86;0.44;0.51;1454;59;882;53;1227;97;54;0;17;19;7;22;22;0;401;17725;1324;352801;60692;314510;54105;36032;6198;0;2259;388;6;193
04/01/2021;19577;123;0.55;0.54;1463;64;886;59;1270;90;53;0;14;18;5;25;25;0;403;17814;1360;354116;60918;315660;54302;36119;6213;4;2337;402;23;203
05/01/2021;19710;130;0.66;0.55;1461;54;889;56;1196;95;55;0;17;19;4;24;24;0;403;18016;1291;356315;61296;317720;54657;36201;6227;3;2394;411;9;215
06/01/2021;19851;141;0.74;0.57;1463;54;892;54;1252;100;60;0;19;17;4;26;26;0;404;18095;1352;358395;61654;319758;55007;36205;6228;0;2432;418;5;227
07/01/2021;20000;136;0.71;0.64;1463;46;903;54;1313;106;64;0;17;21;4;23;23;0;404;18177;1419;360322;61986;321223;55259;36596;6295;13;2503;430;5;240
08/01/2021;20114;112;0.55;0.60;1471;45;907;54;1380;117;66;0;24;23;4;21;21;0;404;18213;1497;362613;62380;323298;55616;36746;6321;2;2569;441;9;248
09/01/2021;20263;149;0.79;0.63;1477;52;907;45;1390;134;73;0;28;29;4;23;23;0;406;18333;1524;364220;62656;324863;55886;36746;6321;0;2611;449;1;262
10/01/2021;20381;118;0.55;0.65;1490;62;909;46;1460;138;78;0;27;28;5;24;24;0;407;18376;1598;365752;62920;326345;56141;36746;6321;0;2661;457;14;270
11/01/2021;20590;207;1.09;0.73;1521;83;911;49;1626;143;94;0;23;22;4;27;27;0;408;18413;1769;367412;63205;327756;56383;36934;6353;2;2722;468;0;295
12/01/2021;20720;127;0.62;0.72;1513;72;914;51;1692;148;99;0;22;23;4;27;27;0;409;18471;1840;369765;63610;329959;56762;37021;6368;3;2785;479;8;297
13/01/2021;20905;181;0.87;0.74;1533;88;919;53;1796;162;107;0;21;30;4;24;24;0;412;18535;1958;372668;64110;332714;57236;37102;6382;4;2852;490;12;310
14/01/2021;21046;136;0.63;0.73;1547;101;921;51;1878;167;109;0;20;35;3;24;24;0;414;18587;2045;374474;64420;334346;57517;37185;6396;5;2943;506;12;327
15/01/2021;21231;182;0.88;0.78;1547;89;926;55;2031;156;109;0;13;30;4;25;25;0;414;18630;2187;377020;64679;336696;57761;37265;6392;3;3059;524;9;332
16/01/2021;21380;149;0.72;0.77;1571;110;927;55;2138;180;129;0;15;32;4;29;29;0;414;18648;2318;378910;65003;338543;58078;37265;6392;0;3102;532;6;339
17/01/2021;21505;125;0.61;0.77;1575;112;927;52;2244;189;134;0;16;35;4;31;31;0;417;18655;2433;380157;65217;339737;58283;37265;6392;0;3155;541;4;346
18/01/2021;21624;118;0.54;0.70;1571;110;929;32;2290;188;134;0;14;36;4;29;29;0;420;18726;2478;382023;65537;341402;58569;37378;6412;1;3243;556;9;345
19/01/2021;21831;204;0.98;0.75;1577;104;931;30;2335;184;129;0;12;39;4;25;25;0;420;18892;2519;385155;66075;344292;59064;37522;6437;3;3341;573;6;358
20/01/2021;22039;206;0.97;0.76;1611;138;935;34;2363;182;132;0;14;33;3;24;24;0;424;19070;2545;387674;66507;346640;59467;37599;6450;2;3435;589;7;369
21/01/2021;22238;195;0.91;0.80;1628;149;939;37;2467;193;139;0;17;34;3;27;27;0;440;19138;2660;390251;66949;349042;59879;37687;6465;4;3522;604;7;379
22/01/2021;22438;195;0.91;0.81;1642;159;940;37;2619;198;138;0;22;35;3;27;27;0;442;19179;2817;393191;67453;351781;60349;37785;6482;5;3625;621;6;393
23/01/2021;22607;169;0.77;0.81;1656;168;943;41;2758;201;140;0;25;33;3;33;33;0;445;19203;2959;395235;67804;353763;60689;37785;6482;0;3687;632;8;397
24/01/2021;22707;97;0.44;0.79;1657;167;947;45;2844;204;144;0;26;32;2;33;33;0;450;19209;3048;397089;68122;355556;60997;37785;6482;0;3748;642;6;393
25/01/2021;22879;171;0.78;0.82;1660;169;949;45;2978;208;151;0;28;28;1;35;35;0;451;19242;3186;399225;68488;357506;61331;37874;6497;2;3845;659;5;387
26/01/2021;23012;128;0.57;0.76;1672;177;950;48;3018;206;147;0;27;31;1;33;33;0;458;19330;3224;401718;68916;359786;61722;37998;6518;5;3934;674;7;387
27/01/2021;23215;201;0.92;0.76;1692;195;952;46;3105;202;142;0;26;33;1;34;34;0;462;19446;3307;405180;69510;363070;62286;38089;6534;2;4021;689;3;391
28/01/2021;23371;151;0.67;0.72;1700;202;952;44;3156;216;155;0;27;33;1;38;38;0;464;19535;3372;407909;69978;365634;62726;38183;6550;5;4092;702;5;393
29/01/2021;23563;187;0.82;0.71;1697;195;955;42;3256;204;150;0;29;23;2;35;35;0;467;19636;3460;411393;70576;368941;63293;38264;6564;5;4188;718;7;394
30/01/2021;23685;122;0.55;0.68;1706;200;955;42;3354;209;156;0;28;25;0;37;37;0;469;19653;3563;413358;70913;370877;63625;38264;6564;0;4217;723;1;389
31/01/2021;23764;79;0.36;0.67;1706;197;956;43;3411;213;157;0;28;28;0;38;38;0;472;19668;3624;414730;71148;372210;63854;38264;6564;0;4256;730;0;381
01/02/2021;23908;140;0.60;0.64;1711;199;958;35;3389;200;149;0;23;28;0;34;34;0;473;19846;3589;416890;71519;374157;64188;38394;6586;4;4339;744;7;385
02/02/2021;24054;145;0.57;0.64;1716;185;960;36;3451;179;139;0;18;22;0;34;34;0;475;19949;3630;418822;71850;375914;64489;38444;6595;1;4464;765;17;375
03/02/2021;24174;113;0.48;0.58;1719;172;961;37;3487;174;135;0;17;22;0;33;33;0;476;20037;3661;421439;72299;378305;64899;38584;6619;8;4550;780;5;359
04/02/2021;24312;136;0.57;0.56;1730;182;961;32;3527;163;127;0;15;21;0;31;31;0;477;20145;3690;423915;72724;380601;65293;38649;6630;2;4665;800;8;349
05/02/2021;24411;87;0.37;0.50;1745;170;969;30;3495;146;116;0;14;16;0;31;31;0;478;20292;3641;426040;73089;382550;65628;38733;6644;12;4757;816;2;330
06/02/2021;24479;68;0.28;0.46;1744;170;969;30;3528;147;113;0;17;17;0;28;28;0;483;20321;3675;427914;73410;384356;65938;38734;6644;0;4824;827;3;313
07/02/2021;24537;58;0.25;0.45;1745;93;969;27;3466;156;116;0;20;20;0;32;32;0;485;20430;3622;429548;73690;385947;66210;38734;6644;0;4867;834;0;306
08/02/2021;24638;98;0.38;0.41;1740;103;972;27;3471;153;112;0;19;21;1;31;31;0;492;20522;3624;432111;74130;388331;66619;38806;6657;4;4974;853;9;294
09/02/2021;24744;95;0.41;0.39;1740;99;979;26;3418;148;108;0;19;20;1;32;32;0;492;20686;3566;434088;74469;390110;66925;38927;6678;11;5051;866;1;288
10/02/2021;24852;107;0.45;0.39;1742;96;980;26;3388;145;101;0;17;26;1;26;26;0;495;20824;3533;436415;74868;392312;67302;38982;6687;1;5121;878;3;272
11/02/2021;24917;60;0.26;0.34;1754;111;980;23;3374;141;97;0;17;25;2;23;23;0;495;20907;3515;438346;75200;394084;67606;39070;6702;5;5192;890;0;256
12/02/2021;25000;83;0.35;0.34;1751;104;980;22;3212;133;91;0;18;23;1;24;24;0;495;21160;3345;439888;75464;395486;67847;39140;6714;0;5262;902;1;238
13/02/2021;25013;13;0.05;0.31;1756;107;980;22;3208;142;96;0;17;28;1;24;24;0;496;21167;3350;441080;75669;396630;68043;39140;6714;0;5310;910;2;220
14/02/2021;25106;93;0.39;0.33;1756;62;980;5;2982;145;99;0;16;29;1;27;27;0;499;21480;3127;442903;75982;398416;68350;39140;6714;0;5347;917;1;222
